{
    "variables": [],
    "info": {
        "name": "Laravel API",
        "_postman_id": "1e4642b0-d661-43f0-8097-b41ce567c3a7",
        "description": "",
        "schema": "https:\/\/schema.getpostman.com\/json\/collection\/v2.0.0\/collection.json"
    },
    "item": [
        {
            "name": "Admin management",
            "description": "\nAPIs related to Admin",
            "item": [
                {
                    "name": "_Create Admin_",
                    "request": {
                        "url": {
                            "protocol": "http",
                            "host": "localhost",
                            "path": "api\/admins",
                            "query": []
                        },
                        "method": "POST",
                        "header": [
                            {
                                "key": "Content-Type",
                                "value": "application\/json"
                            },
                            {
                                "key": "Accept",
                                "value": "application\/json"
                            }
                        ],
                        "body": {
                            "mode": "raw",
                            "raw": "{\n    \"name\": \"fuad\",\n    \"mobile\": \"01955555555\",\n    \"email\": \"fuad@gmail.com\",\n    \"password\": \"secret123\",\n    \"roles\": \"['admin:doctor', 'admin:yser]\"\n}"
                        },
                        "description": "Admin store endpoint, returns admin instance along with access_token. !! token required | super_admin",
                        "response": []
                    }
                },
                {
                    "name": "_Fetch admin roles_",
                    "request": {
                        "url": {
                            "protocol": "http",
                            "host": "localhost",
                            "path": "api\/admins\/roles\/load",
                            "query": []
                        },
                        "method": "GET",
                        "header": [
                            {
                                "key": "Content-Type",
                                "value": "application\/json"
                            },
                            {
                                "key": "Accept",
                                "value": "application\/json"
                            }
                        ],
                        "body": {
                            "mode": "raw",
                            "raw": "[]"
                        },
                        "description": "Fetch admin roles list related to sectors of resource in admin panel. !! token required | super_admin",
                        "response": []
                    }
                },
                {
                    "name": "Authenticate Admin",
                    "request": {
                        "url": {
                            "protocol": "http",
                            "host": "localhost",
                            "path": "api\/admins\/authenticate",
                            "query": []
                        },
                        "method": "POST",
                        "header": [
                            {
                                "key": "Content-Type",
                                "value": "application\/json"
                            },
                            {
                                "key": "Accept",
                                "value": "application\/json"
                            }
                        ],
                        "body": {
                            "mode": "raw",
                            "raw": "{\n    \"mobile\": \"01955555555\",\n    \"password\": \"secret123\"\n}"
                        },
                        "description": "Admin login endpoint, returns access_token for admin user",
                        "response": []
                    }
                }
            ]
        },
        {
            "name": "DoctorAppointment management",
            "description": "\nAPIs related to Scheduled Doctor Appointments",
            "item": [
                {
                    "name": "_Fetch Upcoming Appointments For User_",
                    "request": {
                        "url": {
                            "protocol": "http",
                            "host": "localhost",
                            "path": "api\/users\/:user\/doctorappointments\/upcoming",
                            "query": [],
                            "variable": [
                                {
                                    "id": "user",
                                    "key": "user",
                                    "value": "dolorum",
                                    "description": "The user id associated with appointments."
                                }
                            ]
                        },
                        "method": "GET",
                        "header": [
                            {
                                "key": "Content-Type",
                                "value": "application\/json"
                            },
                            {
                                "key": "Accept",
                                "value": "application\/json"
                            }
                        ],
                        "body": {
                            "mode": "raw",
                            "raw": "[]"
                        },
                        "description": "Fetch upcoming doctor appointments by user. !! token required| super_admin, admin:patient, patient",
                        "response": []
                    }
                },
                {
                    "name": "_Fetch Paginated Appointments History By User_",
                    "request": {
                        "url": {
                            "protocol": "http",
                            "host": "localhost",
                            "path": "api\/users\/:user\/doctorappointments\/history",
                            "query": [],
                            "variable": [
                                {
                                    "id": "user",
                                    "key": "user",
                                    "value": "illo",
                                    "description": "The user id associated with appointments."
                                }
                            ]
                        },
                        "method": "GET",
                        "header": [
                            {
                                "key": "Content-Type",
                                "value": "application\/json"
                            },
                            {
                                "key": "Accept",
                                "value": "application\/json"
                            }
                        ],
                        "body": {
                            "mode": "raw",
                            "raw": "[]"
                        },
                        "description": "Fetch paginated response of completed  doctor appointments by user. !! token required| super_admin, admin:patient, patient",
                        "response": []
                    }
                },
                {
                    "name": "_Fetch Paginated Appointments History By Patient_",
                    "request": {
                        "url": {
                            "protocol": "http",
                            "host": "localhost",
                            "path": "api\/patients\/:patient\/doctorappointments\/history",
                            "query": [],
                            "variable": [
                                {
                                    "id": "patient",
                                    "key": "patient",
                                    "value": "qui",
                                    "description": "The patient id associated with appointments."
                                }
                            ]
                        },
                        "method": "GET",
                        "header": [
                            {
                                "key": "Content-Type",
                                "value": "application\/json"
                            },
                            {
                                "key": "Accept",
                                "value": "application\/json"
                            }
                        ],
                        "body": {
                            "mode": "raw",
                            "raw": "[]"
                        },
                        "description": "Fetch paginated response of completed  doctor appointments by patient. !! token required| super_admin, admin:patient, patient",
                        "response": []
                    }
                },
                {
                    "name": "_Fetch Paginated Upcoming Doctors Appointments_",
                    "request": {
                        "url": {
                            "protocol": "http",
                            "host": "localhost",
                            "path": "api\/doctors\/:doctor\/doctorappointments\/upcoming",
                            "query": [],
                            "variable": [
                                {
                                    "id": "doctor",
                                    "key": "doctor",
                                    "value": "consequatur",
                                    "description": "The doctor id associated with appointments."
                                }
                            ]
                        },
                        "method": "GET",
                        "header": [
                            {
                                "key": "Content-Type",
                                "value": "application\/json"
                            },
                            {
                                "key": "Accept",
                                "value": "application\/json"
                            }
                        ],
                        "body": {
                            "mode": "raw",
                            "raw": "[]"
                        },
                        "description": "Fetch scheduled upcoming doctor appointments starting from current date, paginated response of doctorappointment instances. !! token required| super_admin, admin:doctor, doctor",
                        "response": []
                    }
                },
                {
                    "name": "_Fetch Paginated Doctors Appointments by Status_",
                    "request": {
                        "url": {
                            "protocol": "http",
                            "host": "localhost",
                            "path": "api\/doctors\/:doctor\/doctorappointments\/:status",
                            "query": [],
                            "variable": [
                                {
                                    "id": "doctor",
                                    "key": "doctor",
                                    "value": "sunt",
                                    "description": "The doctor id associated with appointments."
                                },
                                {
                                    "id": "status",
                                    "key": "status",
                                    "value": "in",
                                    "description": "The status to query for the scheduled appointments. 0 => active, 1 => canceled, 2 => completed."
                                }
                            ]
                        },
                        "method": "GET",
                        "header": [
                            {
                                "key": "Content-Type",
                                "value": "application\/json"
                            },
                            {
                                "key": "Accept",
                                "value": "application\/json"
                            }
                        ],
                        "body": {
                            "mode": "raw",
                            "raw": "[]"
                        },
                        "description": "Fetch scheduled doctor appointments, paginated response of doctorappointment instances. !! token required| super_admin, admin:doctor, doctor",
                        "response": []
                    }
                },
                {
                    "name": "_Create Doctorappointment_",
                    "request": {
                        "url": {
                            "protocol": "http",
                            "host": "localhost",
                            "path": "api\/doctorappointments",
                            "query": []
                        },
                        "method": "POST",
                        "header": [
                            {
                                "key": "Content-Type",
                                "value": "application\/json"
                            },
                            {
                                "key": "Accept",
                                "value": "application\/json"
                            }
                        ],
                        "body": {
                            "mode": "raw",
                            "raw": "{\n    \"patient_id\": 16,\n    \"doctor_id\": \"magnam\",\n    \"start_time\": \"\\\"2020-07-10T14:19:24.000000Z\\\"\",\n    \"end_time\": \"\\\"2020-07-10T14:40:30.000000Z\\\"\"\n}"
                        },
                        "description": "Doctorappointment store endpoint, User must have sufficient balance for doctor rate, must maintain start_time for one of schedule_slots of doctorschedules(changes status of appointment slot to booked), returns doctorappointment instance. !! token required | patient",
                        "response": []
                    }
                },
                {
                    "name": "_Update Doctorappointment_",
                    "request": {
                        "url": {
                            "protocol": "http",
                            "host": "localhost",
                            "path": "api\/doctorappointments\/:doctorappointment",
                            "query": [],
                            "variable": [
                                {
                                    "id": "doctorappointment",
                                    "key": "doctorappointment",
                                    "value": "et",
                                    "description": "The appointment id."
                                }
                            ]
                        },
                        "method": "PUT",
                        "header": [
                            {
                                "key": "Content-Type",
                                "value": "application\/json"
                            },
                            {
                                "key": "Accept",
                                "value": "application\/json"
                            }
                        ],
                        "body": {
                            "mode": "raw",
                            "raw": "{\n    \"status\": 5\n}"
                        },
                        "description": "Doctorappointment update, change appointment status. !! token required | doctor",
                        "response": []
                    }
                }
            ]
        },
        {
            "name": "Doctor Schedule management",
            "description": "\nAPIs related to Doctor",
            "item": [
                {
                    "name": "Fetch Doctor Schedules By Doctor",
                    "request": {
                        "url": {
                            "protocol": "http",
                            "host": "localhost",
                            "path": "api\/doctors\/:doctor\/doctorschedules",
                            "query": [],
                            "variable": [
                                {
                                    "id": "doctor",
                                    "key": "doctor",
                                    "value": "animi",
                                    "description": "The Doctor ID of doctor schedules."
                                }
                            ]
                        },
                        "method": "GET",
                        "header": [
                            {
                                "key": "Content-Type",
                                "value": "application\/json"
                            },
                            {
                                "key": "Accept",
                                "value": "application\/json"
                            }
                        ],
                        "body": {
                            "mode": "raw",
                            "raw": "[]"
                        },
                        "description": "Fetch doctor schedules starting from present date to upcoming 30days, Schedule Will not be shown if all slots are booked, response of doctorschedule instances.",
                        "response": []
                    }
                },
                {
                    "name": "_Create Doctorschedule_",
                    "request": {
                        "url": {
                            "protocol": "http",
                            "host": "localhost",
                            "path": "api\/doctorschedules",
                            "query": []
                        },
                        "method": "POST",
                        "header": [
                            {
                                "key": "Content-Type",
                                "value": "application\/json"
                            },
                            {
                                "key": "Accept",
                                "value": "application\/json"
                            }
                        ],
                        "body": {
                            "mode": "raw",
                            "raw": "{\n    \"doctor_id\": 20,\n    \"start_time\": \"\\\"2020-07-29T14:30:00.000000Z\\\"\",\n    \"end_time\": \"\\\"2020-07-29T18:30:00.000000Z\\\"\"\n}"
                        },
                        "description": "Doctorschedule store endpoint(appointment duration set to 20minutes), returns doctorschedule instance. !! token required | admin:doctor, doctor",
                        "response": []
                    }
                }
            ]
        },
        {
            "name": "DoctorType management",
            "description": "\nAPIs related to DoctorTypes",
            "item": [
                {
                    "name": "Fetch doctor types",
                    "request": {
                        "url": {
                            "protocol": "http",
                            "host": "localhost",
                            "path": "api\/doctortypes",
                            "query": []
                        },
                        "method": "GET",
                        "header": [
                            {
                                "key": "Content-Type",
                                "value": "application\/json"
                            },
                            {
                                "key": "Accept",
                                "value": "application\/json"
                            }
                        ],
                        "body": {
                            "mode": "raw",
                            "raw": "[]"
                        },
                        "description": "Fetch doctor types list.",
                        "response": []
                    }
                },
                {
                    "name": "_Create Doctortype_",
                    "request": {
                        "url": {
                            "protocol": "http",
                            "host": "localhost",
                            "path": "api\/doctortypes",
                            "query": []
                        },
                        "method": "POST",
                        "header": [
                            {
                                "key": "Content-Type",
                                "value": "application\/json"
                            },
                            {
                                "key": "Accept",
                                "value": "application\/json"
                            }
                        ],
                        "body": {
                            "mode": "raw",
                            "raw": "{\n    \"name\": \"\\\"cardiology\\\"\"\n}"
                        },
                        "description": "Doctortype store endpoint, returns doctortype instance. !! token required | super_admin, admin:doctor",
                        "response": []
                    }
                }
            ]
        },
        {
            "name": "Doctor management",
            "description": "\nAPIs related to Doctor",
            "item": [
                {
                    "name": "Fetch Paginated Active Doctors By Doctortype",
                    "request": {
                        "url": {
                            "protocol": "http",
                            "host": "localhost",
                            "path": "api\/doctortypes\/:doctortype\/doctors\/active",
                            "query": [],
                            "variable": [
                                {
                                    "id": "doctortype",
                                    "key": "doctortype",
                                    "value": "delectus",
                                    "description": "The Doctortype ID of doctors."
                                }
                            ]
                        },
                        "method": "GET",
                        "header": [
                            {
                                "key": "Content-Type",
                                "value": "application\/json"
                            },
                            {
                                "key": "Accept",
                                "value": "application\/json"
                            }
                        ],
                        "body": {
                            "mode": "raw",
                            "raw": "[]"
                        },
                        "description": "Fetch active doctors, paginated response of doctor instances.",
                        "response": []
                    }
                },
                {
                    "name": "Fetch Paginated Active Doctors",
                    "request": {
                        "url": {
                            "protocol": "http",
                            "host": "localhost",
                            "path": "api\/doctors\/active",
                            "query": []
                        },
                        "method": "GET",
                        "header": [
                            {
                                "key": "Content-Type",
                                "value": "application\/json"
                            },
                            {
                                "key": "Accept",
                                "value": "application\/json"
                            }
                        ],
                        "body": {
                            "mode": "raw",
                            "raw": "[]"
                        },
                        "description": "Fetch active doctors, paginated response of doctor instances.",
                        "response": []
                    }
                },
                {
                    "name": "Fetch Paginated Approved Doctors By Doctortype",
                    "request": {
                        "url": {
                            "protocol": "http",
                            "host": "localhost",
                            "path": "api\/doctortypes\/:doctortype\/doctors\/approved",
                            "query": [],
                            "variable": [
                                {
                                    "id": "doctortype",
                                    "key": "doctortype",
                                    "value": "iure",
                                    "description": "The Doctortype ID of doctors."
                                }
                            ]
                        },
                        "method": "GET",
                        "header": [
                            {
                                "key": "Content-Type",
                                "value": "application\/json"
                            },
                            {
                                "key": "Accept",
                                "value": "application\/json"
                            }
                        ],
                        "body": {
                            "mode": "raw",
                            "raw": "[]"
                        },
                        "description": "Fetch approved doctors, paginated response of doctor instances by doctortype.",
                        "response": []
                    }
                },
                {
                    "name": "Fetch Paginated Approved Doctors",
                    "request": {
                        "url": {
                            "protocol": "http",
                            "host": "localhost",
                            "path": "api\/doctors\/approved",
                            "query": []
                        },
                        "method": "GET",
                        "header": [
                            {
                                "key": "Content-Type",
                                "value": "application\/json"
                            },
                            {
                                "key": "Accept",
                                "value": "application\/json"
                            }
                        ],
                        "body": {
                            "mode": "raw",
                            "raw": "[]"
                        },
                        "description": "Fetch approved doctors, paginated response of doctor instances.",
                        "response": []
                    }
                },
                {
                    "name": "Fetch All Featured Doctors",
                    "request": {
                        "url": {
                            "protocol": "http",
                            "host": "localhost",
                            "path": "api\/doctors\/featured",
                            "query": []
                        },
                        "method": "GET",
                        "header": [
                            {
                                "key": "Content-Type",
                                "value": "application\/json"
                            },
                            {
                                "key": "Accept",
                                "value": "application\/json"
                            }
                        ],
                        "body": {
                            "mode": "raw",
                            "raw": "[]"
                        },
                        "description": "Fetch featured doctors, response of doctor instances.",
                        "response": []
                    }
                },
                {
                    "name": "_Fetch Paginated Doctors Requests_",
                    "request": {
                        "url": {
                            "protocol": "http",
                            "host": "localhost",
                            "path": "api\/doctors\/pending",
                            "query": []
                        },
                        "method": "GET",
                        "header": [
                            {
                                "key": "Content-Type",
                                "value": "application\/json"
                            },
                            {
                                "key": "Accept",
                                "value": "application\/json"
                            }
                        ],
                        "body": {
                            "mode": "raw",
                            "raw": "[]"
                        },
                        "description": "Fetch pending doctor joining requests, paginated response of doctor instances. !! token required| super_admin, admin:doctor",
                        "response": []
                    }
                },
                {
                    "name": "Create Doctor",
                    "request": {
                        "url": {
                            "protocol": "http",
                            "host": "localhost",
                            "path": "api\/doctors",
                            "query": []
                        },
                        "method": "POST",
                        "header": [
                            {
                                "key": "Content-Type",
                                "value": "application\/json"
                            },
                            {
                                "key": "Accept",
                                "value": "application\/json"
                            }
                        ],
                        "body": {
                            "mode": "raw",
                            "raw": "{\n    \"doctortype_id\": 6,\n    \"name\": \"ipsum\",\n    \"bmdc_number\": \"ut\",\n    \"rate\": 11,\n    \"offer_rate\": 13,\n    \"first_appointment_rate\": 7,\n    \"report_followup_rate\": 5,\n    \"gender\": 15,\n    \"mobile\": \"odit\",\n    \"email\": \"omnis\",\n    \"workplace\": \"ratione\",\n    \"designation\": \"porro\",\n    \"medical_college\": \"quisquam\",\n    \"postgrad\": \"reiciendis\",\n    \"other_trainings\": \"quibusdam\",\n    \"portfolio\": \"voluptatem\",\n    \"device_id\": \"quia\"\n}"
                        },
                        "description": "Doctor store endpoint, returns doctor instance. Doctor instance not approved and payment style depends on customer transaction by default",
                        "response": []
                    }
                },
                {
                    "name": "_Create Doctor by Admin_",
                    "request": {
                        "url": {
                            "protocol": "http",
                            "host": "localhost",
                            "path": "api\/doctors\/approve",
                            "query": []
                        },
                        "method": "POST",
                        "header": [
                            {
                                "key": "Content-Type",
                                "value": "application\/json"
                            },
                            {
                                "key": "Accept",
                                "value": "application\/json"
                            }
                        ],
                        "body": {
                            "mode": "raw",
                            "raw": "{\n    \"doctortype_id\": 7,\n    \"payment_style\": 8,\n    \"name\": \"animi\",\n    \"bmdc_number\": \"quisquam\",\n    \"rate\": 10,\n    \"offer_rate\": 17,\n    \"first_appointment_rate\": 16,\n    \"report_followup_rate\": 12,\n    \"gender\": 18,\n    \"mobile\": \"quo\",\n    \"email\": \"eos\",\n    \"workplace\": \"fugit\",\n    \"designation\": \"fuga\",\n    \"medical_college\": \"similique\",\n    \"postgrad\": \"vel\",\n    \"other_trainings\": \"et\",\n    \"portfolio\": \"quo\"\n}"
                        },
                        "description": "Doctor store endpoint used by admin, returns doctor instance. Doctor instance approved !! token required | super_admin, admin:doctor",
                        "response": []
                    }
                },
                {
                    "name": "_Change Doctor Image_",
                    "request": {
                        "url": {
                            "protocol": "http",
                            "host": "localhost",
                            "path": "api\/doctors\/:doctor\/image",
                            "query": [],
                            "variable": [
                                {
                                    "id": "doctor",
                                    "key": "doctor",
                                    "value": "ipsum",
                                    "description": "The ID of the doctor."
                                }
                            ]
                        },
                        "method": "POST",
                        "header": [
                            {
                                "key": "Content-Type",
                                "value": "application\/json"
                            },
                            {
                                "key": "Accept",
                                "value": "application\/json"
                            }
                        ],
                        "body": {
                            "mode": "raw",
                            "raw": "{\n    \"image\": \"consectetur\"\n}"
                        },
                        "description": "Update doctor image (Multipart Request)!! token required | super_admin, admin:doctor, doctor",
                        "response": []
                    }
                },
                {
                    "name": "_Change Doctor Active Status_",
                    "request": {
                        "url": {
                            "protocol": "http",
                            "host": "localhost",
                            "path": "api\/doctors\/status",
                            "query": []
                        },
                        "method": "PUT",
                        "header": [
                            {
                                "key": "Content-Type",
                                "value": "application\/json"
                            },
                            {
                                "key": "Accept",
                                "value": "application\/json"
                            }
                        ],
                        "body": {
                            "mode": "raw",
                            "raw": "{\n    \"status\": 17\n}"
                        },
                        "description": "Doctor update active status endpoint used by doctor.!! token required | doctor",
                        "response": []
                    }
                },
                {
                    "name": "_Update Doctor_",
                    "request": {
                        "url": {
                            "protocol": "http",
                            "host": "localhost",
                            "path": "api\/doctors\/:doctor",
                            "query": [],
                            "variable": [
                                {
                                    "id": "doctor",
                                    "key": "doctor",
                                    "value": "aliquam",
                                    "description": "The ID of the doctor."
                                }
                            ]
                        },
                        "method": "PUT",
                        "header": [
                            {
                                "key": "Content-Type",
                                "value": "application\/json"
                            },
                            {
                                "key": "Accept",
                                "value": "application\/json"
                            }
                        ],
                        "body": {
                            "mode": "raw",
                            "raw": "{\n    \"rate\": 10,\n    \"offer_rate\": 7,\n    \"first_appointment_rate\": 17,\n    \"report_followup_rate\": 10,\n    \"workplace\": \"necessitatibus\",\n    \"designation\": \"nobis\",\n    \"other_trainings\": \"vero\",\n    \"portfolio\": \"mollitia\"\n}"
                        },
                        "description": "Update doctor attributes !! token required | super_admin, admin:doctor, doctor",
                        "response": []
                    }
                },
                {
                    "name": "_Approve Doctor By Admin_",
                    "request": {
                        "url": {
                            "protocol": "http",
                            "host": "localhost",
                            "path": "api\/doctors\/:doctor\/approve",
                            "query": [],
                            "variable": [
                                {
                                    "id": "doctor",
                                    "key": "doctor",
                                    "value": "necessitatibus",
                                    "description": "The ID of doctor."
                                }
                            ]
                        },
                        "method": "PUT",
                        "header": [
                            {
                                "key": "Content-Type",
                                "value": "application\/json"
                            },
                            {
                                "key": "Accept",
                                "value": "application\/json"
                            }
                        ],
                        "body": {
                            "mode": "raw",
                            "raw": "{\n    \"activation_status\": 9\n}"
                        },
                        "description": "Update doctor activation_status. !! token required| super_admin, admin:doctor",
                        "response": []
                    }
                }
            ]
        },
        {
            "name": "Patientcheckup management",
            "description": "\nAPIs related to doctor calls for patient checkup",
            "item": [
                {
                    "name": "api\/patientcheckups\/{patientcheckup}",
                    "request": {
                        "url": {
                            "protocol": "http",
                            "host": "localhost",
                            "path": "api\/patientcheckups\/:patientcheckup",
                            "query": []
                        },
                        "method": "GET",
                        "header": [
                            {
                                "key": "Content-Type",
                                "value": "application\/json"
                            },
                            {
                                "key": "Accept",
                                "value": "application\/json"
                            }
                        ],
                        "body": {
                            "mode": "raw",
                            "raw": "[]"
                        },
                        "description": "",
                        "response": []
                    }
                },
                {
                    "name": "api\/doctors\/{doctor}\/patientcheckups\/history",
                    "request": {
                        "url": {
                            "protocol": "http",
                            "host": "localhost",
                            "path": "api\/doctors\/:doctor\/patientcheckups\/history",
                            "query": []
                        },
                        "method": "GET",
                        "header": [
                            {
                                "key": "Content-Type",
                                "value": "application\/json"
                            },
                            {
                                "key": "Accept",
                                "value": "application\/json"
                            }
                        ],
                        "body": {
                            "mode": "raw",
                            "raw": "[]"
                        },
                        "description": "",
                        "response": []
                    }
                },
                {
                    "name": "_Create Patientcheckup_",
                    "request": {
                        "url": {
                            "protocol": "http",
                            "host": "localhost",
                            "path": "api\/patientcheckups",
                            "query": []
                        },
                        "method": "POST",
                        "header": [
                            {
                                "key": "Content-Type",
                                "value": "application\/json"
                            },
                            {
                                "key": "Accept",
                                "value": "application\/json"
                            }
                        ],
                        "body": {
                            "mode": "raw",
                            "raw": "{\n    \"patient_id\": 15,\n    \"doctor_id\": \"sequi\",\n    \"start_time\": \"\\\"\\\", \\\"2020-07-10T14:19:24.000000Z\\\"\",\n    \"end_time\": \"\\\"\\\", \\\"2020-07-10T14:40:30.000000Z\\\"\"\n}"
                        },
                        "description": "Patientcheckup store endpoint, User must have sufficient balance for doctor rate, returns patientcheckup instance. !! token required | patient",
                        "response": []
                    }
                },
                {
                    "name": "_Create Access Token_",
                    "request": {
                        "url": {
                            "protocol": "http",
                            "host": "localhost",
                            "path": "api\/patientcheckups\/call",
                            "query": []
                        },
                        "method": "POST",
                        "header": [
                            {
                                "key": "Content-Type",
                                "value": "application\/json"
                            },
                            {
                                "key": "Accept",
                                "value": "application\/json"
                            }
                        ],
                        "body": {
                            "mode": "raw",
                            "raw": "{\n    \"patientcheckup_code\": \"nobis\",\n    \"is_patientcall\": false\n}"
                        },
                        "description": "Create Patientcheckup joining information and update to firestore for call notification. !! token required | patient | doctor",
                        "response": []
                    }
                },
                {
                    "name": "_Update Checkup_",
                    "request": {
                        "url": {
                            "protocol": "http",
                            "host": "localhost",
                            "path": "api\/patientcheckups\/:patientcheckup",
                            "query": [],
                            "variable": [
                                {
                                    "id": "patientcheckup",
                                    "key": "patientcheckup",
                                    "value": "expedita",
                                    "description": "The patientcheckup id."
                                }
                            ]
                        },
                        "method": "PUT",
                        "header": [
                            {
                                "key": "Content-Type",
                                "value": "application\/json"
                            },
                            {
                                "key": "Accept",
                                "value": "application\/json"
                            }
                        ],
                        "body": {
                            "mode": "raw",
                            "raw": "{\n    \"start_time\": \"\\\"2020-07-10T21:45:47.000000Z\\\"\",\n    \"end_time\": \"\\\"2020-07-10T21:45:47.000000Z\\\"\",\n    \"status\": 2,\n    \"doctor_tags\": \"autem\",\n    \"patient_tags\": \"facilis\"\n}"
                        },
                        "description": "Patientcheckup update patient and doctor ratings and endtime. !! token required | patient, doctor",
                        "response": []
                    }
                },
                {
                    "name": "_Update Patientcheckup status_",
                    "request": {
                        "url": {
                            "protocol": "http",
                            "host": "localhost",
                            "path": "api\/patientcheckups\/:patientcheckup\/call\/end",
                            "query": [],
                            "variable": [
                                {
                                    "id": "patientcheckup",
                                    "key": "patientcheckup",
                                    "value": "consequuntur",
                                    "description": "The patientcheckup id."
                                }
                            ]
                        },
                        "method": "PUT",
                        "header": [
                            {
                                "key": "Content-Type",
                                "value": "application\/json"
                            },
                            {
                                "key": "Accept",
                                "value": "application\/json"
                            }
                        ],
                        "body": {
                            "mode": "raw",
                            "raw": "{\n    \"status\": 5\n}"
                        },
                        "description": "Patientcheckup update call status, used if call not picked or ignored. !! token required | patient, doctor",
                        "response": []
                    }
                }
            ]
        },
        {
            "name": "Patient management",
            "description": "\nAPIs related to patients",
            "item": [
                {
                    "name": "_Fetch User default Patient Profile_",
                    "request": {
                        "url": {
                            "protocol": "http",
                            "host": "localhost",
                            "path": "api\/users\/:user\/patients\/default",
                            "query": [],
                            "variable": [
                                {
                                    "id": "user",
                                    "key": "user",
                                    "value": "possimus",
                                    "description": "The User ID of patients."
                                }
                            ]
                        },
                        "method": "GET",
                        "header": [
                            {
                                "key": "Content-Type",
                                "value": "application\/json"
                            },
                            {
                                "key": "Accept",
                                "value": "application\/json"
                            }
                        ],
                        "body": {
                            "mode": "raw",
                            "raw": "[]"
                        },
                        "description": "Fetch default user patient. !! token required | admin:user, patient",
                        "response": []
                    }
                },
                {
                    "name": "_Fetch Patients By User_",
                    "request": {
                        "url": {
                            "protocol": "http",
                            "host": "localhost",
                            "path": "api\/users\/:user\/patients",
                            "query": [],
                            "variable": [
                                {
                                    "id": "user",
                                    "key": "user",
                                    "value": "placeat",
                                    "description": "The User ID of patients."
                                }
                            ]
                        },
                        "method": "GET",
                        "header": [
                            {
                                "key": "Content-Type",
                                "value": "application\/json"
                            },
                            {
                                "key": "Accept",
                                "value": "application\/json"
                            }
                        ],
                        "body": {
                            "mode": "raw",
                            "raw": "[]"
                        },
                        "description": "Fetch Patients By User. !! token required | admin:user, patient",
                        "response": []
                    }
                },
                {
                    "name": "_Create Patient_",
                    "request": {
                        "url": {
                            "protocol": "http",
                            "host": "localhost",
                            "path": "api\/patients",
                            "query": []
                        },
                        "method": "POST",
                        "header": [
                            {
                                "key": "Content-Type",
                                "value": "application\/json"
                            },
                            {
                                "key": "Accept",
                                "value": "application\/json"
                            }
                        ],
                        "body": {
                            "mode": "raw",
                            "raw": "{\n    \"name\": \"facilis\",\n    \"age\": 7,\n    \"gender\": 14,\n    \"address\": \"soluta\",\n    \"blood_group\": \"\\\"B+ve\\\"\",\n    \"blood_pressure\": \"\\\"90-150\\\"\",\n    \"cholesterol_level\": \"\\\"dont know the readings :p\\\"\",\n    \"height\": \"vel\",\n    \"weight\": \"a\"\n}"
                        },
                        "description": "Patient store endpoint, returns patient instance with user_id set for User instance associated with token.  !! token required | patient",
                        "response": []
                    }
                },
                {
                    "name": "_Change Patient Image_",
                    "request": {
                        "url": {
                            "protocol": "http",
                            "host": "localhost",
                            "path": "api\/patients\/:patient\/image",
                            "query": [],
                            "variable": [
                                {
                                    "id": "patient",
                                    "key": "patient",
                                    "value": "qui",
                                    "description": "The ID of the patient."
                                }
                            ]
                        },
                        "method": "POST",
                        "header": [
                            {
                                "key": "Content-Type",
                                "value": "application\/json"
                            },
                            {
                                "key": "Accept",
                                "value": "application\/json"
                            }
                        ],
                        "body": {
                            "mode": "raw",
                            "raw": "{\n    \"image\": \"earum\"\n}"
                        },
                        "description": "Update patient image (Multipart Request)!! token required | super_admin, admin:user, patient",
                        "response": []
                    }
                },
                {
                    "name": "_Update Patient_",
                    "request": {
                        "url": {
                            "protocol": "http",
                            "host": "localhost",
                            "path": "api\/patients\/:patient",
                            "query": [],
                            "variable": [
                                {
                                    "id": "patient",
                                    "key": "patient",
                                    "value": "sunt",
                                    "description": "The patient id."
                                }
                            ]
                        },
                        "method": "PUT",
                        "header": [
                            {
                                "key": "Content-Type",
                                "value": "application\/json"
                            },
                            {
                                "key": "Accept",
                                "value": "application\/json"
                            }
                        ],
                        "body": {
                            "mode": "raw",
                            "raw": "{\n    \"name\": \"nostrum\",\n    \"address\": \"impedit\",\n    \"age\": \"tenetur\",\n    \"blood_group\": \"\\\"B+ve\\\"\",\n    \"blood_pressure\": \"\\\"90-150\\\"\",\n    \"cholesterol_level\": \"\\\"dont know the readings :p\\\"\",\n    \"height\": \"sunt\",\n    \"weight\": \"officia\"\n}"
                        },
                        "description": "Patient update endpoint. User associated with token must match with patient user. !! token required | patient",
                        "response": []
                    }
                }
            ]
        },
        {
            "name": "Patientprescription management",
            "description": "\nAPIs related to patient prescriptions",
            "item": [
                {
                    "name": "_Get Patient Prescriptions_",
                    "request": {
                        "url": {
                            "protocol": "http",
                            "host": "localhost",
                            "path": "api\/patients\/:patient\/prescriptions",
                            "query": [],
                            "variable": [
                                {
                                    "id": "patient",
                                    "key": "patient",
                                    "value": "nisi",
                                    "description": "The Id of patient."
                                }
                            ]
                        },
                        "method": "GET",
                        "header": [
                            {
                                "key": "Content-Type",
                                "value": "application\/json"
                            },
                            {
                                "key": "Accept",
                                "value": "application\/json"
                            }
                        ],
                        "body": {
                            "mode": "raw",
                            "raw": "[]"
                        },
                        "description": "Fetch patient prescriptinos. !! token required | doctor, patient",
                        "response": []
                    }
                },
                {
                    "name": "_Serve Patient Prescription Image_",
                    "request": {
                        "url": {
                            "protocol": "http",
                            "host": "localhost",
                            "path": "api\/patientprescriptions\/:patientprescription\/image",
                            "query": [],
                            "variable": [
                                {
                                    "id": "patientprescription",
                                    "key": "patientprescription",
                                    "value": "1of1oh12g",
                                    "description": "The code of patientprescription."
                                }
                            ]
                        },
                        "method": "GET",
                        "header": [
                            {
                                "key": "Content-Type",
                                "value": "application\/json"
                            },
                            {
                                "key": "Accept",
                                "value": "application\/json"
                            }
                        ],
                        "body": {
                            "mode": "raw",
                            "raw": "[]"
                        },
                        "description": "Fetch patient prescriptino image. !! token required | doctor, patient",
                        "response": []
                    }
                },
                {
                    "name": "_Store Patientprescription_",
                    "request": {
                        "url": {
                            "protocol": "http",
                            "host": "localhost",
                            "path": "api\/patientprescriptions",
                            "query": []
                        },
                        "method": "POST",
                        "header": [
                            {
                                "key": "Content-Type",
                                "value": "application\/json"
                            },
                            {
                                "key": "Accept",
                                "value": "application\/json"
                            }
                        ],
                        "body": {
                            "mode": "raw",
                            "raw": "{\n    \"patient_id\": 7,\n    \"prescriptions\": \"quo\"\n}"
                        },
                        "description": "Patientprescription store endpoint [Must be multipart\/form-data request with image file], User must provide prescriptions for registered patients, returns patientprescription instance. !! token required | patient",
                        "response": []
                    }
                }
            ]
        },
        {
            "name": "Transaction management",
            "description": "\nAPIs related to Transactions resource",
            "item": [
                {
                    "name": "_Create transaction_",
                    "request": {
                        "url": {
                            "protocol": "http",
                            "host": "localhost",
                            "path": "api\/transactions",
                            "query": []
                        },
                        "method": "POST",
                        "header": [
                            {
                                "key": "Content-Type",
                                "value": "application\/json"
                            },
                            {
                                "key": "Accept",
                                "value": "application\/json"
                            }
                        ],
                        "body": {
                            "mode": "raw",
                            "raw": "{\n    \"type\": 15,\n    \"amount\": 3,\n    \"status\": 14\n}"
                        },
                        "description": "Get transaction object after create. user_id of transaction will be set to the user binded with token !! token required | patient",
                        "response": []
                    }
                },
                {
                    "name": "_Update transaction status_",
                    "request": {
                        "url": {
                            "protocol": "http",
                            "host": "localhost",
                            "path": "api\/transactions\/:transaction\/status",
                            "query": [],
                            "variable": [
                                {
                                    "id": "transaction",
                                    "key": "transaction",
                                    "value": "eos",
                                    "description": "The ID of the transaction."
                                }
                            ]
                        },
                        "method": "PUT",
                        "header": [
                            {
                                "key": "Content-Type",
                                "value": "application\/json"
                            },
                            {
                                "key": "Accept",
                                "value": "application\/json"
                            }
                        ],
                        "body": {
                            "mode": "raw",
                            "raw": "{\n    \"status\": 16\n}"
                        },
                        "description": "Update transaction status to completed. user_id of transaction has to be same with the user binded with token !! token required | super_admin, admin:transaction, patient",
                        "response": []
                    }
                },
                {
                    "name": "_Fetch Paginated User Completed Transactions_",
                    "request": {
                        "url": {
                            "protocol": "http",
                            "host": "localhost",
                            "path": "api\/users\/:user\/transactions\/complete",
                            "query": [],
                            "variable": [
                                {
                                    "id": "user",
                                    "key": "user",
                                    "value": "autem",
                                    "description": "The ID of the user."
                                }
                            ]
                        },
                        "method": "GET",
                        "header": [
                            {
                                "key": "Content-Type",
                                "value": "application\/json"
                            },
                            {
                                "key": "Accept",
                                "value": "application\/json"
                            }
                        ],
                        "body": {
                            "mode": "raw",
                            "raw": "[]"
                        },
                        "description": "Fetch completed transaction of user, paginated response. !! token required | super_admin, admin:transaction, patient",
                        "response": []
                    }
                }
            ]
        },
        {
            "name": "User management",
            "description": "\nAPIs related to User",
            "item": [
                {
                    "name": "_Fetch User_",
                    "request": {
                        "url": {
                            "protocol": "http",
                            "host": "localhost",
                            "path": "api\/users\/:user",
                            "query": [],
                            "variable": [
                                {
                                    "id": "user",
                                    "key": "user",
                                    "value": "et",
                                    "description": "The user id."
                                }
                            ]
                        },
                        "method": "GET",
                        "header": [
                            {
                                "key": "Content-Type",
                                "value": "application\/json"
                            },
                            {
                                "key": "Accept",
                                "value": "application\/json"
                            }
                        ],
                        "body": {
                            "mode": "raw",
                            "raw": "[]"
                        },
                        "description": "Get User. !!token_required",
                        "response": []
                    }
                },
                {
                    "name": "Create\/Retrieve User",
                    "request": {
                        "url": {
                            "protocol": "http",
                            "host": "localhost",
                            "path": "api\/users",
                            "query": []
                        },
                        "method": "POST",
                        "header": [
                            {
                                "key": "Content-Type",
                                "value": "application\/json"
                            },
                            {
                                "key": "Accept",
                                "value": "application\/json"
                            }
                        ],
                        "body": {
                            "mode": "raw",
                            "raw": "{\n    \"mobile\": \"8801955555555\",\n    \"otp_code\": \"1234\",\n    \"is_patient\": true,\n    \"device_id\": \"possimus\"\n}"
                        },
                        "description": "Get User object using mobile| create new if not present",
                        "response": []
                    }
                },
                {
                    "name": "Send OTP to user mobile",
                    "request": {
                        "url": {
                            "protocol": "http",
                            "host": "localhost",
                            "path": "api\/users\/otp",
                            "query": []
                        },
                        "method": "POST",
                        "header": [
                            {
                                "key": "Content-Type",
                                "value": "application\/json"
                            },
                            {
                                "key": "Accept",
                                "value": "application\/json"
                            }
                        ],
                        "body": {
                            "mode": "raw",
                            "raw": "{\n    \"mobile\": \"8801955555555\"\n}"
                        },
                        "description": "Get User mobile and send otp.",
                        "response": []
                    }
                },
                {
                    "name": "_Alter User Agent permission_",
                    "request": {
                        "url": {
                            "protocol": "http",
                            "host": "localhost",
                            "path": "api\/users\/:user\/agent",
                            "query": [],
                            "variable": [
                                {
                                    "id": "user",
                                    "key": "user",
                                    "value": "aut",
                                    "description": "The ID of the user."
                                }
                            ]
                        },
                        "method": "PUT",
                        "header": [
                            {
                                "key": "Content-Type",
                                "value": "application\/json"
                            },
                            {
                                "key": "Accept",
                                "value": "application\/json"
                            }
                        ],
                        "body": {
                            "mode": "raw",
                            "raw": "{\n    \"is_agent\": true,\n    \"agent_percentage\": 2.5\n}"
                        },
                        "description": "Change the user object to modify the is_agent & agent_percentage field. !! token required | super_admin, admin:user",
                        "response": []
                    }
                }
            ]
        },
        {
            "name": "general",
            "description": "",
            "item": [
                {
                    "name": "Return an empty response simply to trigger the storage of the CSRF cookie in the browser.",
                    "request": {
                        "url": {
                            "protocol": "http",
                            "host": "localhost",
                            "path": "sanctum\/csrf-cookie",
                            "query": []
                        },
                        "method": "GET",
                        "header": [
                            {
                                "key": "Content-Type",
                                "value": "application\/json"
                            },
                            {
                                "key": "Accept",
                                "value": "application\/json"
                            }
                        ],
                        "body": {
                            "mode": "raw",
                            "raw": "[]"
                        },
                        "description": "",
                        "response": []
                    }
                },
                {
                    "name": "_Fetch Pending Checkupprescription By Doctor_",
                    "request": {
                        "url": {
                            "protocol": "http",
                            "host": "localhost",
                            "path": "api\/doctors\/:doctor\/checkupprescriptions\/pending",
                            "query": [],
                            "variable": [
                                {
                                    "id": "doctor",
                                    "key": "doctor",
                                    "value": "et",
                                    "description": "The doctor id associated with the prescriptions."
                                }
                            ]
                        },
                        "method": "GET",
                        "header": [
                            {
                                "key": "Content-Type",
                                "value": "application\/json"
                            },
                            {
                                "key": "Accept",
                                "value": "application\/json"
                            }
                        ],
                        "body": {
                            "mode": "raw",
                            "raw": "[]"
                        },
                        "description": "Fetch pending doctor checkupprescriptions. !! token required| super_admin, admin:doctor, doctor",
                        "response": []
                    }
                },
                {
                    "name": "_Fetch Pending Checkupprescription By Patient_",
                    "request": {
                        "url": {
                            "protocol": "http",
                            "host": "localhost",
                            "path": "api\/patients\/:patient\/checkupprescriptions\/pending",
                            "query": [],
                            "variable": [
                                {
                                    "id": "patient",
                                    "key": "patient",
                                    "value": "maxime",
                                    "description": "The patient id associated with the prescriptions."
                                }
                            ]
                        },
                        "method": "GET",
                        "header": [
                            {
                                "key": "Content-Type",
                                "value": "application\/json"
                            },
                            {
                                "key": "Accept",
                                "value": "application\/json"
                            }
                        ],
                        "body": {
                            "mode": "raw",
                            "raw": "[]"
                        },
                        "description": "Fetch pending patient checkupprescriptions. !! token required| super_admin, admin:patient, patient",
                        "response": []
                    }
                },
                {
                    "name": "api\/checkupprescriptions\/{checkupprescription}\/pdf",
                    "request": {
                        "url": {
                            "protocol": "http",
                            "host": "localhost",
                            "path": "api\/checkupprescriptions\/:checkupprescription\/pdf",
                            "query": []
                        },
                        "method": "GET",
                        "header": [
                            {
                                "key": "Content-Type",
                                "value": "application\/json"
                            },
                            {
                                "key": "Accept",
                                "value": "application\/json"
                            }
                        ],
                        "body": {
                            "mode": "raw",
                            "raw": "[]"
                        },
                        "description": "",
                        "response": []
                    }
                },
                {
                    "name": "api\/checkupprescriptions\/{checkupprescription}\/pdf",
                    "request": {
                        "url": {
                            "protocol": "http",
                            "host": "localhost",
                            "path": "api\/checkupprescriptions\/:checkupprescription\/pdf",
                            "query": []
                        },
                        "method": "PUT",
                        "header": [
                            {
                                "key": "Content-Type",
                                "value": "application\/json"
                            },
                            {
                                "key": "Accept",
                                "value": "application\/json"
                            }
                        ],
                        "body": {
                            "mode": "raw",
                            "raw": "[]"
                        },
                        "description": "",
                        "response": []
                    }
                }
            ]
        }
    ]
}