{
    "variables": [],
    "info": {
        "name": "Laravel API",
        "_postman_id": "e014089e-ff4f-4d90-8009-a12ffa55cd7e",
        "description": "",
        "schema": "https:\/\/schema.getpostman.com\/json\/collection\/v2.0.0\/collection.json"
    },
    "item": [
        {
            "name": "Admin management",
            "description": "\nAPIs related to Admin",
            "item": [
                {
                    "name": "_Create Admin_",
                    "request": {
                        "url": {
                            "protocol": "http",
                            "host": "localhost",
                            "path": "api\/admins",
                            "query": []
                        },
                        "method": "POST",
                        "header": [
                            {
                                "key": "Content-Type",
                                "value": "application\/json"
                            },
                            {
                                "key": "Accept",
                                "value": "application\/json"
                            }
                        ],
                        "body": {
                            "mode": "raw",
                            "raw": "{\n    \"name\": \"fuad\",\n    \"mobile\": \"01955555555\",\n    \"email\": \"fuad@gmail.com\",\n    \"password\": \"secret123\",\n    \"roles\": \"['admin:doctor', 'admin:yser]\"\n}"
                        },
                        "description": "Admin store endpoint, returns admin instance along with access_token. !! token required | super_admin",
                        "response": []
                    }
                },
                {
                    "name": "_Fetch admin roles_",
                    "request": {
                        "url": {
                            "protocol": "http",
                            "host": "localhost",
                            "path": "api\/admins\/roles\/load",
                            "query": []
                        },
                        "method": "GET",
                        "header": [
                            {
                                "key": "Content-Type",
                                "value": "application\/json"
                            },
                            {
                                "key": "Accept",
                                "value": "application\/json"
                            }
                        ],
                        "body": {
                            "mode": "raw",
                            "raw": "[]"
                        },
                        "description": "Fetch admin roles list related to sectors of resource in admin panel. !! token required | super_admin",
                        "response": []
                    }
                },
                {
                    "name": "Authenticate Admin",
                    "request": {
                        "url": {
                            "protocol": "http",
                            "host": "localhost",
                            "path": "api\/admins\/authenticate",
                            "query": []
                        },
                        "method": "POST",
                        "header": [
                            {
                                "key": "Content-Type",
                                "value": "application\/json"
                            },
                            {
                                "key": "Accept",
                                "value": "application\/json"
                            }
                        ],
                        "body": {
                            "mode": "raw",
                            "raw": "{\n    \"mobile\": \"01955555555\",\n    \"password\": \"secret123\"\n}"
                        },
                        "description": "Admin login endpoint, returns access_token for admin user",
                        "response": []
                    }
                }
            ]
        },
        {
            "name": "DoctorAppointment management",
            "description": "\nAPIs related to Scheduled Doctor Appointments",
            "item": [
                {
                    "name": "_Fetch Paginated Upcoming Doctors Appointments_",
                    "request": {
                        "url": {
                            "protocol": "http",
                            "host": "localhost",
                            "path": "api\/doctors\/:doctor\/doctorappointments\/upcoming",
                            "query": [],
                            "variable": [
                                {
                                    "id": "doctor",
                                    "key": "doctor",
                                    "value": "doloremque",
                                    "description": "The doctor id associated with appointments."
                                }
                            ]
                        },
                        "method": "GET",
                        "header": [
                            {
                                "key": "Content-Type",
                                "value": "application\/json"
                            },
                            {
                                "key": "Accept",
                                "value": "application\/json"
                            }
                        ],
                        "body": {
                            "mode": "raw",
                            "raw": "[]"
                        },
                        "description": "Fetch scheduled upcoming doctor appointments starting from current date, paginated response of doctorappointment instances. !! token required| super_admin, admin, doctor",
                        "response": []
                    }
                },
                {
                    "name": "_Fetch Paginated Doctors Appointments by Status_",
                    "request": {
                        "url": {
                            "protocol": "http",
                            "host": "localhost",
                            "path": "api\/doctors\/:doctor\/doctorappointments\/:status",
                            "query": [],
                            "variable": [
                                {
                                    "id": "doctor",
                                    "key": "doctor",
                                    "value": "iusto",
                                    "description": "The doctor id associated with appointments."
                                },
                                {
                                    "id": "status",
                                    "key": "status",
                                    "value": "eaque",
                                    "description": "The status to query for the scheduled appointments. 0 => active, 1 => canceled, 2 => completed."
                                }
                            ]
                        },
                        "method": "GET",
                        "header": [
                            {
                                "key": "Content-Type",
                                "value": "application\/json"
                            },
                            {
                                "key": "Accept",
                                "value": "application\/json"
                            }
                        ],
                        "body": {
                            "mode": "raw",
                            "raw": "[]"
                        },
                        "description": "Fetch scheduled doctor appointments, paginated response of doctorappointment instances. !! token required| super_admin, admin, doctor",
                        "response": []
                    }
                },
                {
                    "name": "_Create Doctorappointment_",
                    "request": {
                        "url": {
                            "protocol": "http",
                            "host": "localhost",
                            "path": "api\/doctorappointments",
                            "query": []
                        },
                        "method": "POST",
                        "header": [
                            {
                                "key": "Content-Type",
                                "value": "application\/json"
                            },
                            {
                                "key": "Accept",
                                "value": "application\/json"
                            }
                        ],
                        "body": {
                            "mode": "raw",
                            "raw": "{\n    \"patient_id\": 14,\n    \"doctor_id\": \"ut\",\n    \"start_time\": \"\\\"2020-07-10T14:19:24.000000Z\\\"\",\n    \"end_time\": \"\\\"2020-07-10T14:40:30.000000Z\\\"\"\n}"
                        },
                        "description": "Doctorappointment store endpoint, User must have sufficient balance for doctor rate, must maintain start_time for one of schedule_slots of doctorschedules(changes status of appointment slot to booked), returns doctorappointment instance. !! token required | patient",
                        "response": []
                    }
                },
                {
                    "name": "_Update Doctorappointment_",
                    "request": {
                        "url": {
                            "protocol": "http",
                            "host": "localhost",
                            "path": "api\/doctorappointments\/:doctorappointment",
                            "query": [],
                            "variable": [
                                {
                                    "id": "doctorappointment",
                                    "key": "doctorappointment",
                                    "value": "tenetur",
                                    "description": "The appointment id."
                                }
                            ]
                        },
                        "method": "PUT",
                        "header": [
                            {
                                "key": "Content-Type",
                                "value": "application\/json"
                            },
                            {
                                "key": "Accept",
                                "value": "application\/json"
                            }
                        ],
                        "body": {
                            "mode": "raw",
                            "raw": "{\n    \"status\": 4\n}"
                        },
                        "description": "Doctorappointment update, change appointment status. !! token required | doctor",
                        "response": []
                    }
                }
            ]
        },
        {
            "name": "Doctor Schedule management",
            "description": "\nAPIs related to Doctor",
            "item": [
                {
                    "name": "Fetch Doctor Schedules By Doctor",
                    "request": {
                        "url": {
                            "protocol": "http",
                            "host": "localhost",
                            "path": "api\/doctors\/:doctor\/doctorschedules",
                            "query": [],
                            "variable": [
                                {
                                    "id": "doctor",
                                    "key": "doctor",
                                    "value": "est",
                                    "description": "The Doctor ID of doctor schedules."
                                }
                            ]
                        },
                        "method": "GET",
                        "header": [
                            {
                                "key": "Content-Type",
                                "value": "application\/json"
                            },
                            {
                                "key": "Accept",
                                "value": "application\/json"
                            }
                        ],
                        "body": {
                            "mode": "raw",
                            "raw": "[]"
                        },
                        "description": "Fetch doctor schedules starting from present date to upcoming 30days, Schedule Will not be shown if all slots are booked, response of doctorschedule instances.",
                        "response": []
                    }
                },
                {
                    "name": "_Create Doctorschedule_",
                    "request": {
                        "url": {
                            "protocol": "http",
                            "host": "localhost",
                            "path": "api\/doctorschedules",
                            "query": []
                        },
                        "method": "POST",
                        "header": [
                            {
                                "key": "Content-Type",
                                "value": "application\/json"
                            },
                            {
                                "key": "Accept",
                                "value": "application\/json"
                            }
                        ],
                        "body": {
                            "mode": "raw",
                            "raw": "{\n    \"doctor_id\": 20,\n    \"start_time\": \"\\\"2020-07-29T14:30:00.000000Z\\\"\",\n    \"end_time\": \"\\\"2020-07-29T18:30:00.000000Z\\\"\",\n    \"max_appointments_per_day\": 4\n}"
                        },
                        "description": "Doctorschedule store endpoint, returns doctorschedule instance. !! token required | admin:doctor, doctor",
                        "response": []
                    }
                }
            ]
        },
        {
            "name": "DoctorType management",
            "description": "\nAPIs related to DoctorTypes",
            "item": [
                {
                    "name": "Fetch doctor types",
                    "request": {
                        "url": {
                            "protocol": "http",
                            "host": "localhost",
                            "path": "api\/doctortypes",
                            "query": []
                        },
                        "method": "GET",
                        "header": [
                            {
                                "key": "Content-Type",
                                "value": "application\/json"
                            },
                            {
                                "key": "Accept",
                                "value": "application\/json"
                            }
                        ],
                        "body": {
                            "mode": "raw",
                            "raw": "[]"
                        },
                        "description": "Fetch doctor types list.",
                        "response": []
                    }
                },
                {
                    "name": "_Create Doctortype_",
                    "request": {
                        "url": {
                            "protocol": "http",
                            "host": "localhost",
                            "path": "api\/doctortypes",
                            "query": []
                        },
                        "method": "POST",
                        "header": [
                            {
                                "key": "Content-Type",
                                "value": "application\/json"
                            },
                            {
                                "key": "Accept",
                                "value": "application\/json"
                            }
                        ],
                        "body": {
                            "mode": "raw",
                            "raw": "{\n    \"name\": \"\\\"cardiology\\\"\"\n}"
                        },
                        "description": "Doctortype store endpoint, returns doctortype instance. !! token required | super_admin, admin:doctor",
                        "response": []
                    }
                }
            ]
        },
        {
            "name": "Doctor management",
            "description": "\nAPIs related to Doctor",
            "item": [
                {
                    "name": "Fetch Paginated Active Doctors By Doctortype",
                    "request": {
                        "url": {
                            "protocol": "http",
                            "host": "localhost",
                            "path": "api\/doctortypes\/:doctortype\/doctors\/active",
                            "query": [],
                            "variable": [
                                {
                                    "id": "doctortype",
                                    "key": "doctortype",
                                    "value": "minima",
                                    "description": "The Doctortype ID of doctors."
                                }
                            ]
                        },
                        "method": "GET",
                        "header": [
                            {
                                "key": "Content-Type",
                                "value": "application\/json"
                            },
                            {
                                "key": "Accept",
                                "value": "application\/json"
                            }
                        ],
                        "body": {
                            "mode": "raw",
                            "raw": "[]"
                        },
                        "description": "Fetch active doctors, paginated response of doctor instances.",
                        "response": []
                    }
                },
                {
                    "name": "Fetch Paginated Active Doctors",
                    "request": {
                        "url": {
                            "protocol": "http",
                            "host": "localhost",
                            "path": "api\/doctors\/active",
                            "query": []
                        },
                        "method": "GET",
                        "header": [
                            {
                                "key": "Content-Type",
                                "value": "application\/json"
                            },
                            {
                                "key": "Accept",
                                "value": "application\/json"
                            }
                        ],
                        "body": {
                            "mode": "raw",
                            "raw": "[]"
                        },
                        "description": "Fetch active doctors, paginated response of doctor instances.",
                        "response": []
                    }
                },
                {
                    "name": "Fetch Paginated Approved Doctors By Doctortype",
                    "request": {
                        "url": {
                            "protocol": "http",
                            "host": "localhost",
                            "path": "api\/doctortypes\/:doctortype\/doctors\/approved",
                            "query": [],
                            "variable": [
                                {
                                    "id": "doctortype",
                                    "key": "doctortype",
                                    "value": "ipsam",
                                    "description": "The Doctortype ID of doctors."
                                }
                            ]
                        },
                        "method": "GET",
                        "header": [
                            {
                                "key": "Content-Type",
                                "value": "application\/json"
                            },
                            {
                                "key": "Accept",
                                "value": "application\/json"
                            }
                        ],
                        "body": {
                            "mode": "raw",
                            "raw": "[]"
                        },
                        "description": "Fetch approved doctors, paginated response of doctor instances by doctortype.",
                        "response": []
                    }
                },
                {
                    "name": "Fetch Paginated Approved Doctors",
                    "request": {
                        "url": {
                            "protocol": "http",
                            "host": "localhost",
                            "path": "api\/doctors\/approved",
                            "query": []
                        },
                        "method": "GET",
                        "header": [
                            {
                                "key": "Content-Type",
                                "value": "application\/json"
                            },
                            {
                                "key": "Accept",
                                "value": "application\/json"
                            }
                        ],
                        "body": {
                            "mode": "raw",
                            "raw": "[]"
                        },
                        "description": "Fetch approved doctors, paginated response of doctor instances.",
                        "response": []
                    }
                },
                {
                    "name": "Fetch All Featured Doctors",
                    "request": {
                        "url": {
                            "protocol": "http",
                            "host": "localhost",
                            "path": "api\/doctors\/featured",
                            "query": []
                        },
                        "method": "GET",
                        "header": [
                            {
                                "key": "Content-Type",
                                "value": "application\/json"
                            },
                            {
                                "key": "Accept",
                                "value": "application\/json"
                            }
                        ],
                        "body": {
                            "mode": "raw",
                            "raw": "[]"
                        },
                        "description": "Fetch featured doctors, response of doctor instances.",
                        "response": []
                    }
                },
                {
                    "name": "_Fetch Paginated Doctors Requests_",
                    "request": {
                        "url": {
                            "protocol": "http",
                            "host": "localhost",
                            "path": "api\/doctors\/pending",
                            "query": []
                        },
                        "method": "GET",
                        "header": [
                            {
                                "key": "Content-Type",
                                "value": "application\/json"
                            },
                            {
                                "key": "Accept",
                                "value": "application\/json"
                            }
                        ],
                        "body": {
                            "mode": "raw",
                            "raw": "[]"
                        },
                        "description": "Fetch pending doctor joining requests, paginated response of doctor instances. !! token required| super_admin, admin:doctor",
                        "response": []
                    }
                },
                {
                    "name": "Create Doctor",
                    "request": {
                        "url": {
                            "protocol": "http",
                            "host": "localhost",
                            "path": "api\/doctors",
                            "query": []
                        },
                        "method": "POST",
                        "header": [
                            {
                                "key": "Content-Type",
                                "value": "application\/json"
                            },
                            {
                                "key": "Accept",
                                "value": "application\/json"
                            }
                        ],
                        "body": {
                            "mode": "raw",
                            "raw": "{\n    \"doctortype_id\": 5,\n    \"name\": \"ea\",\n    \"bmdc_number\": \"praesentium\",\n    \"rate\": 19,\n    \"offer_rate\": 16,\n    \"first_appointment_rate\": 4,\n    \"report_followup_rate\": 13,\n    \"gender\": 17,\n    \"mobile\": \"rerum\",\n    \"email\": \"aut\",\n    \"workplace\": \"odit\",\n    \"designation\": \"itaque\",\n    \"medical_college\": \"ipsam\",\n    \"post_grad\": \"repudiandae\",\n    \"other_trainings\": \"qui\"\n}"
                        },
                        "description": "Doctor store endpoint, returns doctor instance. Doctor instance not approved and payment style depends on customer transaction by default",
                        "response": []
                    }
                },
                {
                    "name": "_Create Doctor by Admin_",
                    "request": {
                        "url": {
                            "protocol": "http",
                            "host": "localhost",
                            "path": "api\/doctors\/approve",
                            "query": []
                        },
                        "method": "POST",
                        "header": [
                            {
                                "key": "Content-Type",
                                "value": "application\/json"
                            },
                            {
                                "key": "Accept",
                                "value": "application\/json"
                            }
                        ],
                        "body": {
                            "mode": "raw",
                            "raw": "{\n    \"doctortype_id\": 19,\n    \"payment_style\": 8,\n    \"name\": \"sit\",\n    \"bmdc_number\": \"nihil\",\n    \"rate\": 10,\n    \"offer_rate\": 9,\n    \"first_appointment_rate\": 18,\n    \"report_followup_rate\": 8,\n    \"gender\": 6,\n    \"mobile\": \"labore\",\n    \"email\": \"amet\",\n    \"workplace\": \"cumque\",\n    \"designation\": \"repudiandae\",\n    \"medical_college\": \"saepe\",\n    \"post_grad\": \"voluptas\",\n    \"other_trainings\": \"eos\"\n}"
                        },
                        "description": "Doctor store endpoint used by admin, returns doctor instance. Doctor instance approved !! token required | super_admin, admin:doctor",
                        "response": []
                    }
                },
                {
                    "name": "_Change Doctor Active Status_",
                    "request": {
                        "url": {
                            "protocol": "http",
                            "host": "localhost",
                            "path": "api\/doctors\/status",
                            "query": []
                        },
                        "method": "PUT",
                        "header": [
                            {
                                "key": "Content-Type",
                                "value": "application\/json"
                            },
                            {
                                "key": "Accept",
                                "value": "application\/json"
                            }
                        ],
                        "body": {
                            "mode": "raw",
                            "raw": "{\n    \"status\": 14\n}"
                        },
                        "description": "Doctor update active status endpoint used by doctor.!! token required | doctor",
                        "response": []
                    }
                },
                {
                    "name": "_Update Doctor_",
                    "request": {
                        "url": {
                            "protocol": "http",
                            "host": "localhost",
                            "path": "api\/doctors\/:doctor",
                            "query": [],
                            "variable": [
                                {
                                    "id": "doctor",
                                    "key": "doctor",
                                    "value": "error",
                                    "description": "The ID of the doctor."
                                }
                            ]
                        },
                        "method": "PUT",
                        "header": [
                            {
                                "key": "Content-Type",
                                "value": "application\/json"
                            },
                            {
                                "key": "Accept",
                                "value": "application\/json"
                            }
                        ],
                        "body": {
                            "mode": "raw",
                            "raw": "{\n    \"rate\": 10,\n    \"offer_rate\": 14,\n    \"first_appointment_rate\": 6,\n    \"report_followup_rate\": 8,\n    \"workplace\": \"ab\",\n    \"designation\": \"voluptas\",\n    \"other_trainings\": \"aspernatur\"\n}"
                        },
                        "description": "Update doctor attributes !! token required | super_admin, admin:doctor, doctor",
                        "response": []
                    }
                },
                {
                    "name": "_Approve Doctor By Admin_",
                    "request": {
                        "url": {
                            "protocol": "http",
                            "host": "localhost",
                            "path": "api\/doctors\/:doctor\/approve",
                            "query": [],
                            "variable": [
                                {
                                    "id": "doctor",
                                    "key": "doctor",
                                    "value": "reprehenderit",
                                    "description": "The ID of doctor."
                                }
                            ]
                        },
                        "method": "PUT",
                        "header": [
                            {
                                "key": "Content-Type",
                                "value": "application\/json"
                            },
                            {
                                "key": "Accept",
                                "value": "application\/json"
                            }
                        ],
                        "body": {
                            "mode": "raw",
                            "raw": "{\n    \"activation_status\": 2\n}"
                        },
                        "description": "Update doctor activation_status. !! token required| super_admin, admin:doctor",
                        "response": []
                    }
                },
                {
                    "name": "_Change Doctor Booking Status_",
                    "request": {
                        "url": {
                            "protocol": "http",
                            "host": "localhost",
                            "path": "api\/doctors\/:doctor\/booking",
                            "query": [],
                            "variable": [
                                {
                                    "id": "doctor",
                                    "key": "doctor",
                                    "value": "sed",
                                    "description": "The ID of doctor."
                                }
                            ]
                        },
                        "method": "PUT",
                        "header": [
                            {
                                "key": "Content-Type",
                                "value": "application\/json"
                            },
                            {
                                "key": "Accept",
                                "value": "application\/json"
                            }
                        ],
                        "body": {
                            "mode": "raw",
                            "raw": "{\n    \"booking_start_time\": \"\\\"2020-07-10T14:19:24.000000Z\\\", ''\"\n}"
                        },
                        "description": "Update doctor activation_status. !! token required| super_admin, admin:doctor",
                        "response": []
                    }
                },
                {
                    "name": "_Change Doctor Image_",
                    "request": {
                        "url": {
                            "protocol": "http",
                            "host": "localhost",
                            "path": "api\/doctors\/:doctor\/image",
                            "query": [],
                            "variable": [
                                {
                                    "id": "doctor",
                                    "key": "doctor",
                                    "value": "totam",
                                    "description": "The ID of the doctor."
                                }
                            ]
                        },
                        "method": "PUT",
                        "header": [
                            {
                                "key": "Content-Type",
                                "value": "application\/json"
                            },
                            {
                                "key": "Accept",
                                "value": "application\/json"
                            }
                        ],
                        "body": {
                            "mode": "raw",
                            "raw": "{\n    \"image\": \"et\"\n}"
                        },
                        "description": "Update doctor image (Multipart Request)!! token required | super_admin, admin:doctor, doctor",
                        "response": []
                    }
                }
            ]
        },
        {
            "name": "Patientcheckup management",
            "description": "\nAPIs related to doctor calls for patient checkup",
            "item": [
                {
                    "name": "api\/patientcheckups\/{patientcheckup}",
                    "request": {
                        "url": {
                            "protocol": "http",
                            "host": "localhost",
                            "path": "api\/patientcheckups\/:patientcheckup",
                            "query": []
                        },
                        "method": "GET",
                        "header": [
                            {
                                "key": "Content-Type",
                                "value": "application\/json"
                            },
                            {
                                "key": "Accept",
                                "value": "application\/json"
                            }
                        ],
                        "body": {
                            "mode": "raw",
                            "raw": "[]"
                        },
                        "description": "",
                        "response": []
                    }
                },
                {
                    "name": "_Create Patientcheckup_",
                    "request": {
                        "url": {
                            "protocol": "http",
                            "host": "localhost",
                            "path": "api\/patientcheckups",
                            "query": []
                        },
                        "method": "POST",
                        "header": [
                            {
                                "key": "Content-Type",
                                "value": "application\/json"
                            },
                            {
                                "key": "Accept",
                                "value": "application\/json"
                            }
                        ],
                        "body": {
                            "mode": "raw",
                            "raw": "{\n    \"patient_id\": 13,\n    \"doctor_id\": \"accusamus\",\n    \"start_time\": \"\\\"\\\", \\\"2020-07-10T14:19:24.000000Z\\\"\",\n    \"end_time\": \"\\\"\\\", \\\"2020-07-10T14:40:30.000000Z\\\"\"\n}"
                        },
                        "description": "Patientcheckup store endpoint, User must have sufficient balance for doctor rate, returns patientcheckup instance. !! token required | patient",
                        "response": []
                    }
                },
                {
                    "name": "api\/patientcheckups\/{patientcheckup}\/call",
                    "request": {
                        "url": {
                            "protocol": "http",
                            "host": "localhost",
                            "path": "api\/patientcheckups\/:patientcheckup\/call",
                            "query": []
                        },
                        "method": "POST",
                        "header": [
                            {
                                "key": "Content-Type",
                                "value": "application\/json"
                            },
                            {
                                "key": "Accept",
                                "value": "application\/json"
                            }
                        ],
                        "body": {
                            "mode": "raw",
                            "raw": "[]"
                        },
                        "description": "",
                        "response": []
                    }
                },
                {
                    "name": "_Update Checkup_",
                    "request": {
                        "url": {
                            "protocol": "http",
                            "host": "localhost",
                            "path": "api\/patientcheckups\/:patientcheckup",
                            "query": [],
                            "variable": [
                                {
                                    "id": "patientcheckup",
                                    "key": "patientcheckup",
                                    "value": "odio",
                                    "description": "The patientcheckup id."
                                }
                            ]
                        },
                        "method": "PUT",
                        "header": [
                            {
                                "key": "Content-Type",
                                "value": "application\/json"
                            },
                            {
                                "key": "Accept",
                                "value": "application\/json"
                            }
                        ],
                        "body": {
                            "mode": "raw",
                            "raw": "{\n    \"end_time\": 0,\n    \"doctor_rating\": 13,\n    \"patient_rating\": 19\n}"
                        },
                        "description": "Patientcheckup update patient and doctor ratings and endtime. !! token required | patient, doctor",
                        "response": []
                    }
                }
            ]
        },
        {
            "name": "Patient management",
            "description": "\nAPIs related to patients",
            "item": [
                {
                    "name": "_Fetch User default Patient Profile_",
                    "request": {
                        "url": {
                            "protocol": "http",
                            "host": "localhost",
                            "path": "api\/users\/:user\/patients\/default",
                            "query": [],
                            "variable": [
                                {
                                    "id": "user",
                                    "key": "user",
                                    "value": "tempore",
                                    "description": "The User ID of patients."
                                }
                            ]
                        },
                        "method": "GET",
                        "header": [
                            {
                                "key": "Content-Type",
                                "value": "application\/json"
                            },
                            {
                                "key": "Accept",
                                "value": "application\/json"
                            }
                        ],
                        "body": {
                            "mode": "raw",
                            "raw": "[]"
                        },
                        "description": "Fetch default user patient. !! token required | admin:user, patient",
                        "response": []
                    }
                },
                {
                    "name": "_Fetch Patients By User_",
                    "request": {
                        "url": {
                            "protocol": "http",
                            "host": "localhost",
                            "path": "api\/users\/:user\/patients",
                            "query": [],
                            "variable": [
                                {
                                    "id": "user",
                                    "key": "user",
                                    "value": "quia",
                                    "description": "The User ID of patients."
                                }
                            ]
                        },
                        "method": "GET",
                        "header": [
                            {
                                "key": "Content-Type",
                                "value": "application\/json"
                            },
                            {
                                "key": "Accept",
                                "value": "application\/json"
                            }
                        ],
                        "body": {
                            "mode": "raw",
                            "raw": "[]"
                        },
                        "description": "Fetch Patients By User. !! token required | admin:user, patient",
                        "response": []
                    }
                },
                {
                    "name": "_Create Patient_",
                    "request": {
                        "url": {
                            "protocol": "http",
                            "host": "localhost",
                            "path": "api\/patients",
                            "query": []
                        },
                        "method": "POST",
                        "header": [
                            {
                                "key": "Content-Type",
                                "value": "application\/json"
                            },
                            {
                                "key": "Accept",
                                "value": "application\/json"
                            }
                        ],
                        "body": {
                            "mode": "raw",
                            "raw": "{\n    \"name\": \"ab\",\n    \"age\": 1,\n    \"gender\": 6,\n    \"address\": \"sint\",\n    \"blood_group\": \"\\\"B+ve\\\"\",\n    \"blood_pressure\": \"\\\"90-150\\\"\",\n    \"cholesterol_level\": \"\\\"dont know the readings :p\\\"\",\n    \"height\": \"rerum\",\n    \"weight\": \"odio\"\n}"
                        },
                        "description": "Patient store endpoint, returns patient instance with user_id set for User instance associated with token.  !! token required | patient",
                        "response": []
                    }
                },
                {
                    "name": "_Change Patient Image_",
                    "request": {
                        "url": {
                            "protocol": "http",
                            "host": "localhost",
                            "path": "api\/patients\/:patient\/image",
                            "query": [],
                            "variable": [
                                {
                                    "id": "patient",
                                    "key": "patient",
                                    "value": "sequi",
                                    "description": "The ID of the patient."
                                }
                            ]
                        },
                        "method": "POST",
                        "header": [
                            {
                                "key": "Content-Type",
                                "value": "application\/json"
                            },
                            {
                                "key": "Accept",
                                "value": "application\/json"
                            }
                        ],
                        "body": {
                            "mode": "raw",
                            "raw": "{\n    \"image\": \"voluptatum\"\n}"
                        },
                        "description": "Update patient image (Multipart Request)!! token required | super_admin, admin:user, patient",
                        "response": []
                    }
                },
                {
                    "name": "_Update Patient_",
                    "request": {
                        "url": {
                            "protocol": "http",
                            "host": "localhost",
                            "path": "api\/patients\/:patient",
                            "query": [],
                            "variable": [
                                {
                                    "id": "patient",
                                    "key": "patient",
                                    "value": "quia",
                                    "description": "The patient id."
                                }
                            ]
                        },
                        "method": "PUT",
                        "header": [
                            {
                                "key": "Content-Type",
                                "value": "application\/json"
                            },
                            {
                                "key": "Accept",
                                "value": "application\/json"
                            }
                        ],
                        "body": {
                            "mode": "raw",
                            "raw": "{\n    \"name\": \"non\",\n    \"address\": \"enim\",\n    \"age\": 2,\n    \"blood_group\": \"\\\"B+ve\\\"\",\n    \"blood_pressure\": \"\\\"90-150\\\"\",\n    \"cholesterol_level\": \"\\\"dont know the readings :p\\\"\",\n    \"height\": \"blanditiis\",\n    \"weight\": \"aperiam\"\n}"
                        },
                        "description": "Patient update endpoint. User associated with token must match with patient user. !! token required | patient",
                        "response": []
                    }
                }
            ]
        },
        {
            "name": "Patientprescription management",
            "description": "\nAPIs related to patient prescriptions",
            "item": [
                {
                    "name": "_Get Patient Prescriptions_",
                    "request": {
                        "url": {
                            "protocol": "http",
                            "host": "localhost",
                            "path": "api\/patients\/:patient\/prescriptions",
                            "query": [],
                            "variable": [
                                {
                                    "id": "patient",
                                    "key": "patient",
                                    "value": "aut",
                                    "description": "The Id of patient."
                                }
                            ]
                        },
                        "method": "GET",
                        "header": [
                            {
                                "key": "Content-Type",
                                "value": "application\/json"
                            },
                            {
                                "key": "Accept",
                                "value": "application\/json"
                            }
                        ],
                        "body": {
                            "mode": "raw",
                            "raw": "[]"
                        },
                        "description": "Fetch patient prescriptinos. !! token required | doctor, patient",
                        "response": []
                    }
                },
                {
                    "name": "_Serve Patient Prescription Image_",
                    "request": {
                        "url": {
                            "protocol": "http",
                            "host": "localhost",
                            "path": "api\/patientprescriptions\/:patientprescription\/image",
                            "query": [],
                            "variable": [
                                {
                                    "id": "patientprescription",
                                    "key": "patientprescription",
                                    "value": "14",
                                    "description": "The Id of patientprescription."
                                }
                            ]
                        },
                        "method": "GET",
                        "header": [
                            {
                                "key": "Content-Type",
                                "value": "application\/json"
                            },
                            {
                                "key": "Accept",
                                "value": "application\/json"
                            }
                        ],
                        "body": {
                            "mode": "raw",
                            "raw": "[]"
                        },
                        "description": "Fetch patient prescriptino image. !! token required | doctor, patient",
                        "response": []
                    }
                },
                {
                    "name": "_Store Patientprescription_",
                    "request": {
                        "url": {
                            "protocol": "http",
                            "host": "localhost",
                            "path": "api\/patientprescriptions",
                            "query": []
                        },
                        "method": "POST",
                        "header": [
                            {
                                "key": "Content-Type",
                                "value": "application\/json"
                            },
                            {
                                "key": "Accept",
                                "value": "application\/json"
                            }
                        ],
                        "body": {
                            "mode": "raw",
                            "raw": "{\n    \"patient_id\": 12,\n    \"prescription\": \"vel\"\n}"
                        },
                        "description": "Patientprescription store endpoint [Must be multipart\/form-data request with image file], User must provide prescription for registered patients, returns patientprescription instance. !! token required | patient",
                        "response": []
                    }
                }
            ]
        },
        {
            "name": "Transaction management",
            "description": "\nAPIs related to Transactions resource",
            "item": [
                {
                    "name": "_Create transaction_",
                    "request": {
                        "url": {
                            "protocol": "http",
                            "host": "localhost",
                            "path": "api\/transactions",
                            "query": []
                        },
                        "method": "POST",
                        "header": [
                            {
                                "key": "Content-Type",
                                "value": "application\/json"
                            },
                            {
                                "key": "Accept",
                                "value": "application\/json"
                            }
                        ],
                        "body": {
                            "mode": "raw",
                            "raw": "{\n    \"type\": 15,\n    \"amount\": 20,\n    \"status\": 5\n}"
                        },
                        "description": "Get transaction object after create. user_id of transaction will be set to the user binded with token !! token required | patient",
                        "response": []
                    }
                },
                {
                    "name": "_Update transaction status_",
                    "request": {
                        "url": {
                            "protocol": "http",
                            "host": "localhost",
                            "path": "api\/transactions\/:transaction\/status",
                            "query": [],
                            "variable": [
                                {
                                    "id": "transaction",
                                    "key": "transaction",
                                    "value": "sit",
                                    "description": "The ID of the transaction."
                                }
                            ]
                        },
                        "method": "PUT",
                        "header": [
                            {
                                "key": "Content-Type",
                                "value": "application\/json"
                            },
                            {
                                "key": "Accept",
                                "value": "application\/json"
                            }
                        ],
                        "body": {
                            "mode": "raw",
                            "raw": "{\n    \"status\": 7\n}"
                        },
                        "description": "Update transaction status to completed. user_id of transaction has to be same with the user binded with token !! token required | super_admin, admin:transaction, patient",
                        "response": []
                    }
                },
                {
                    "name": "_Fetch Paginated User Completed Transactions_",
                    "request": {
                        "url": {
                            "protocol": "http",
                            "host": "localhost",
                            "path": "api\/users\/:user\/transactions\/complete",
                            "query": [],
                            "variable": [
                                {
                                    "id": "user",
                                    "key": "user",
                                    "value": "ipsa",
                                    "description": "The ID of the user."
                                }
                            ]
                        },
                        "method": "GET",
                        "header": [
                            {
                                "key": "Content-Type",
                                "value": "application\/json"
                            },
                            {
                                "key": "Accept",
                                "value": "application\/json"
                            }
                        ],
                        "body": {
                            "mode": "raw",
                            "raw": "[]"
                        },
                        "description": "Fetch completed transaction of user, paginated response. !! token required | super_admin, admin:transaction, patient",
                        "response": []
                    }
                }
            ]
        },
        {
            "name": "User management",
            "description": "\nAPIs related to User",
            "item": [
                {
                    "name": "Create\/Retrieve User",
                    "request": {
                        "url": {
                            "protocol": "http",
                            "host": "localhost",
                            "path": "api\/users",
                            "query": []
                        },
                        "method": "POST",
                        "header": [
                            {
                                "key": "Content-Type",
                                "value": "application\/json"
                            },
                            {
                                "key": "Accept",
                                "value": "application\/json"
                            }
                        ],
                        "body": {
                            "mode": "raw",
                            "raw": "{\n    \"mobile\": \"8801955555555\",\n    \"otp_code\": \"1234\",\n    \"is_patient\": true\n}"
                        },
                        "description": "Get User object using mobile| create new if not present",
                        "response": []
                    }
                },
                {
                    "name": "Send OTP to user mobile",
                    "request": {
                        "url": {
                            "protocol": "http",
                            "host": "localhost",
                            "path": "api\/users\/otp",
                            "query": []
                        },
                        "method": "POST",
                        "header": [
                            {
                                "key": "Content-Type",
                                "value": "application\/json"
                            },
                            {
                                "key": "Accept",
                                "value": "application\/json"
                            }
                        ],
                        "body": {
                            "mode": "raw",
                            "raw": "{\n    \"mobile\": \"8801955555555\"\n}"
                        },
                        "description": "Get User mobile and send otp.",
                        "response": []
                    }
                },
                {
                    "name": "_Alter User Agent permission_",
                    "request": {
                        "url": {
                            "protocol": "http",
                            "host": "localhost",
                            "path": "api\/users\/:user\/agent",
                            "query": [],
                            "variable": [
                                {
                                    "id": "user",
                                    "key": "user",
                                    "value": "quis",
                                    "description": "The ID of the user."
                                }
                            ]
                        },
                        "method": "PUT",
                        "header": [
                            {
                                "key": "Content-Type",
                                "value": "application\/json"
                            },
                            {
                                "key": "Accept",
                                "value": "application\/json"
                            }
                        ],
                        "body": {
                            "mode": "raw",
                            "raw": "{\n    \"is_agent\": true,\n    \"agent_percentage\": 2.5\n}"
                        },
                        "description": "Change the user object to modify the is_agent & agent_percentage field. !! token required | super_admin, admin:user",
                        "response": []
                    }
                }
            ]
        },
        {
            "name": "general",
            "description": "",
            "item": [
                {
                    "name": "Return an empty response simply to trigger the storage of the CSRF cookie in the browser.",
                    "request": {
                        "url": {
                            "protocol": "http",
                            "host": "localhost",
                            "path": "sanctum\/csrf-cookie",
                            "query": []
                        },
                        "method": "GET",
                        "header": [
                            {
                                "key": "Content-Type",
                                "value": "application\/json"
                            },
                            {
                                "key": "Accept",
                                "value": "application\/json"
                            }
                        ],
                        "body": {
                            "mode": "raw",
                            "raw": "[]"
                        },
                        "description": "",
                        "response": []
                    }
                }
            ]
        }
    ]
}