{
    "variables": [],
    "info": {
        "name": "Laravel API",
        "_postman_id": "ced86668-4cfd-482f-aee8-0707ee3f3d05",
        "description": "",
        "schema": "https:\/\/schema.getpostman.com\/json\/collection\/v2.0.0\/collection.json"
    },
    "item": [
        {
            "name": "Admin management",
            "description": "\nAPIs related to Admin",
            "item": [
                {
                    "name": "_Create Admin_",
                    "request": {
                        "url": {
                            "protocol": "http",
                            "host": "localhost",
                            "path": "api\/admins",
                            "query": []
                        },
                        "method": "POST",
                        "header": [
                            {
                                "key": "Content-Type",
                                "value": "application\/json"
                            },
                            {
                                "key": "Accept",
                                "value": "application\/json"
                            }
                        ],
                        "body": {
                            "mode": "raw",
                            "raw": "{\n    \"name\": \"fuad\",\n    \"mobile\": \"01955555555\",\n    \"email\": \"fuad@gmail.com\",\n    \"password\": \"secret123\",\n    \"roles\": \"['admin:doctor', 'admin:yser]\"\n}"
                        },
                        "description": "Admin store endpoint, returns admin instance along with access_token. !! token required | super_admin",
                        "response": []
                    }
                },
                {
                    "name": "_Fetch admin roles_",
                    "request": {
                        "url": {
                            "protocol": "http",
                            "host": "localhost",
                            "path": "api\/admins\/roles\/load",
                            "query": []
                        },
                        "method": "GET",
                        "header": [
                            {
                                "key": "Content-Type",
                                "value": "application\/json"
                            },
                            {
                                "key": "Accept",
                                "value": "application\/json"
                            }
                        ],
                        "body": {
                            "mode": "raw",
                            "raw": "[]"
                        },
                        "description": "Fetch admin roles list related to sectors of resource in admin panel. !! token required | super_admin",
                        "response": []
                    }
                },
                {
                    "name": "Authenticate Admin",
                    "request": {
                        "url": {
                            "protocol": "http",
                            "host": "localhost",
                            "path": "api\/admins\/authenticate",
                            "query": []
                        },
                        "method": "POST",
                        "header": [
                            {
                                "key": "Content-Type",
                                "value": "application\/json"
                            },
                            {
                                "key": "Accept",
                                "value": "application\/json"
                            }
                        ],
                        "body": {
                            "mode": "raw",
                            "raw": "{\n    \"mobile\": \"01955555555\",\n    \"password\": \"secret123\"\n}"
                        },
                        "description": "Admin login endpoint, returns access_token for admin user",
                        "response": []
                    }
                }
            ]
        },
        {
            "name": "DoctorAppointment management",
            "description": "\nAPIs related to Scheduled Doctor Appointments",
            "item": [
                {
                    "name": "Fetch Active Doctors Appointments Today_",
                    "request": {
                        "url": {
                            "protocol": "http",
                            "host": "localhost",
                            "path": "api\/doctors\/:doctor\/doctorappointments\/today",
                            "query": [],
                            "variable": [
                                {
                                    "id": "doctor",
                                    "key": "doctor",
                                    "value": "ratione",
                                    "description": "The doctor id associated with appointments."
                                }
                            ]
                        },
                        "method": "GET",
                        "header": [
                            {
                                "key": "Content-Type",
                                "value": "application\/json"
                            },
                            {
                                "key": "Accept",
                                "value": "application\/json"
                            }
                        ],
                        "body": {
                            "mode": "raw",
                            "raw": "[]"
                        },
                        "description": "Fetch scheduled valid doctor appointments today.",
                        "response": []
                    }
                },
                {
                    "name": "_Fetch Paginated Doctors Appointments by Status_",
                    "request": {
                        "url": {
                            "protocol": "http",
                            "host": "localhost",
                            "path": "api\/doctors\/:doctor\/doctorappointments\/:status",
                            "query": [],
                            "variable": [
                                {
                                    "id": "doctor",
                                    "key": "doctor",
                                    "value": "maxime",
                                    "description": "The doctor id associated with appointments."
                                },
                                {
                                    "id": "status",
                                    "key": "status",
                                    "value": "saepe",
                                    "description": "The status to query for the scheduled appointments. 0 => active, 1 => canceled, 2 => completed."
                                }
                            ]
                        },
                        "method": "GET",
                        "header": [
                            {
                                "key": "Content-Type",
                                "value": "application\/json"
                            },
                            {
                                "key": "Accept",
                                "value": "application\/json"
                            }
                        ],
                        "body": {
                            "mode": "raw",
                            "raw": "[]"
                        },
                        "description": "Fetch scheduled doctor appointments, paginated response of doctorappointment instances. !! token required| super_admin, admin, doctor",
                        "response": []
                    }
                },
                {
                    "name": "_Create Doctorappointment_",
                    "request": {
                        "url": {
                            "protocol": "http",
                            "host": "localhost",
                            "path": "api\/doctorappointments",
                            "query": []
                        },
                        "method": "POST",
                        "header": [
                            {
                                "key": "Content-Type",
                                "value": "application\/json"
                            },
                            {
                                "key": "Accept",
                                "value": "application\/json"
                            }
                        ],
                        "body": {
                            "mode": "raw",
                            "raw": "{\n    \"patientcheckup_id\": 11,\n    \"start_time\": \"\\\"2020-07-10T14:19:24.000000Z\\\"\",\n    \"end_time\": \"\\\"2020-07-10T14:40:30.000000Z\\\"\"\n}"
                        },
                        "description": "Doctorappointment store endpoint, User must have sufficient balance for doctor rate, must maintain start_time for one of schedule_slots of doctorschedules(changes status of appointment slot to booked), returns doctorappointment instance. !! token required | patient",
                        "response": []
                    }
                },
                {
                    "name": "_Update Doctorappointment_",
                    "request": {
                        "url": {
                            "protocol": "http",
                            "host": "localhost",
                            "path": "api\/doctorappointments\/:doctorappointment",
                            "query": [],
                            "variable": [
                                {
                                    "id": "doctorappointment",
                                    "key": "doctorappointment",
                                    "value": "sit",
                                    "description": "The appointment id."
                                }
                            ]
                        },
                        "method": "PUT",
                        "header": [
                            {
                                "key": "Content-Type",
                                "value": "application\/json"
                            },
                            {
                                "key": "Accept",
                                "value": "application\/json"
                            }
                        ],
                        "body": {
                            "mode": "raw",
                            "raw": "{\n    \"status\": 3\n}"
                        },
                        "description": "Doctorappointment update, change appointment status. !! token required | doctor",
                        "response": []
                    }
                }
            ]
        },
        {
            "name": "Doctor Schedule management",
            "description": "\nAPIs related to Doctor",
            "item": [
                {
                    "name": "Fetch Paginated Doctor Schedules By Doctor",
                    "request": {
                        "url": {
                            "protocol": "http",
                            "host": "localhost",
                            "path": "api\/doctors\/:doctor\/doctorschedules",
                            "query": [],
                            "variable": [
                                {
                                    "id": "doctor",
                                    "key": "doctor",
                                    "value": "praesentium",
                                    "description": "The Doctor ID of doctor schedules."
                                }
                            ]
                        },
                        "method": "GET",
                        "header": [
                            {
                                "key": "Content-Type",
                                "value": "application\/json"
                            },
                            {
                                "key": "Accept",
                                "value": "application\/json"
                            }
                        ],
                        "body": {
                            "mode": "raw",
                            "raw": "[]"
                        },
                        "description": "Fetch doctor schedules starting from present date, response of doctorschedule instances.",
                        "response": []
                    }
                },
                {
                    "name": "_Create Doctorschedule_",
                    "request": {
                        "url": {
                            "protocol": "http",
                            "host": "localhost",
                            "path": "api\/doctorschedules",
                            "query": []
                        },
                        "method": "POST",
                        "header": [
                            {
                                "key": "Content-Type",
                                "value": "application\/json"
                            },
                            {
                                "key": "Accept",
                                "value": "application\/json"
                            }
                        ],
                        "body": {
                            "mode": "raw",
                            "raw": "{\n    \"doctor_id\": 11,\n    \"start_time\": \"\\\"2020-07-29T14:30:00.000000Z\\\"\",\n    \"end_time\": \"\\\"2020-07-29T18:30:00.000000Z\\\"\",\n    \"max_appointments_per_day\": 10\n}"
                        },
                        "description": "Doctorschedule store endpoint, returns doctorschedule instance. !! token required | admin:doctor, doctor",
                        "response": []
                    }
                }
            ]
        },
        {
            "name": "DoctorType management",
            "description": "\nAPIs related to DoctorTypes",
            "item": [
                {
                    "name": "Fetch doctor types",
                    "request": {
                        "url": {
                            "protocol": "http",
                            "host": "localhost",
                            "path": "api\/doctortypes",
                            "query": []
                        },
                        "method": "GET",
                        "header": [
                            {
                                "key": "Content-Type",
                                "value": "application\/json"
                            },
                            {
                                "key": "Accept",
                                "value": "application\/json"
                            }
                        ],
                        "body": {
                            "mode": "raw",
                            "raw": "[]"
                        },
                        "description": "Fetch doctor types list.",
                        "response": []
                    }
                },
                {
                    "name": "_Create Doctortype_",
                    "request": {
                        "url": {
                            "protocol": "http",
                            "host": "localhost",
                            "path": "api\/doctortypes",
                            "query": []
                        },
                        "method": "POST",
                        "header": [
                            {
                                "key": "Content-Type",
                                "value": "application\/json"
                            },
                            {
                                "key": "Accept",
                                "value": "application\/json"
                            }
                        ],
                        "body": {
                            "mode": "raw",
                            "raw": "{\n    \"type\": 0,\n    \"specialization\": \"\\\"cardiology\\\"\"\n}"
                        },
                        "description": "Doctortype store endpoint, returns doctortype instance. !! token required | super_admin, admin:doctor",
                        "response": []
                    }
                }
            ]
        },
        {
            "name": "Doctor management",
            "description": "\nAPIs related to Doctor",
            "item": [
                {
                    "name": "Fetch Paginated Active Doctors By Doctortype",
                    "request": {
                        "url": {
                            "protocol": "http",
                            "host": "localhost",
                            "path": "api\/doctortypes\/:doctortype\/doctors\/active",
                            "query": [],
                            "variable": [
                                {
                                    "id": "doctortype",
                                    "key": "doctortype",
                                    "value": "delectus",
                                    "description": "The Doctortype ID of doctors."
                                }
                            ]
                        },
                        "method": "GET",
                        "header": [
                            {
                                "key": "Content-Type",
                                "value": "application\/json"
                            },
                            {
                                "key": "Accept",
                                "value": "application\/json"
                            }
                        ],
                        "body": {
                            "mode": "raw",
                            "raw": "[]"
                        },
                        "description": "Fetch active doctors, paginated response of doctor instances.",
                        "response": []
                    }
                },
                {
                    "name": "Fetch Paginated Approved Doctors By Doctortype",
                    "request": {
                        "url": {
                            "protocol": "http",
                            "host": "localhost",
                            "path": "api\/doctortypes\/:doctortype\/doctors\/approved",
                            "query": [],
                            "variable": [
                                {
                                    "id": "doctortype",
                                    "key": "doctortype",
                                    "value": "deleniti",
                                    "description": "The Doctortype ID of doctors."
                                }
                            ]
                        },
                        "method": "GET",
                        "header": [
                            {
                                "key": "Content-Type",
                                "value": "application\/json"
                            },
                            {
                                "key": "Accept",
                                "value": "application\/json"
                            }
                        ],
                        "body": {
                            "mode": "raw",
                            "raw": "[]"
                        },
                        "description": "Fetch approved doctors, paginated response of doctor instances by doctortype.",
                        "response": []
                    }
                },
                {
                    "name": "Fetch Paginated Approved Doctors",
                    "request": {
                        "url": {
                            "protocol": "http",
                            "host": "localhost",
                            "path": "api\/doctors\/approved",
                            "query": []
                        },
                        "method": "GET",
                        "header": [
                            {
                                "key": "Content-Type",
                                "value": "application\/json"
                            },
                            {
                                "key": "Accept",
                                "value": "application\/json"
                            }
                        ],
                        "body": {
                            "mode": "raw",
                            "raw": "[]"
                        },
                        "description": "Fetch approved doctors, paginated response of doctor instances.",
                        "response": []
                    }
                },
                {
                    "name": "_Fetch Paginated Doctors Requests_",
                    "request": {
                        "url": {
                            "protocol": "http",
                            "host": "localhost",
                            "path": "api\/doctors\/pending",
                            "query": []
                        },
                        "method": "GET",
                        "header": [
                            {
                                "key": "Content-Type",
                                "value": "application\/json"
                            },
                            {
                                "key": "Accept",
                                "value": "application\/json"
                            }
                        ],
                        "body": {
                            "mode": "raw",
                            "raw": "[]"
                        },
                        "description": "Fetch pending doctor joining requests, paginated response of doctor instances. !! token required| super_admin, admin:doctor",
                        "response": []
                    }
                },
                {
                    "name": "Create Doctor",
                    "request": {
                        "url": {
                            "protocol": "http",
                            "host": "localhost",
                            "path": "api\/doctors",
                            "query": []
                        },
                        "method": "POST",
                        "header": [
                            {
                                "key": "Content-Type",
                                "value": "application\/json"
                            },
                            {
                                "key": "Accept",
                                "value": "application\/json"
                            }
                        ],
                        "body": {
                            "mode": "raw",
                            "raw": "{\n    \"doctortype_id\": 2,\n    \"name\": \"laborum\",\n    \"bmdc_number\": \"tempore\",\n    \"rate\": 1,\n    \"offer_rate\": 11,\n    \"first_appointment_rate\": 20,\n    \"gender\": 18,\n    \"mobile\": \"consequatur\",\n    \"email\": \"inventore\",\n    \"workplace\": \"molestiae\",\n    \"designation\": \"in\",\n    \"medical_college\": \"nam\",\n    \"post_grad\": \"et\",\n    \"others_training\": \"quas\"\n}"
                        },
                        "description": "Doctor store endpoint, returns doctor instance. Doctor instance not approved and payment style depends on customer transaction by default",
                        "response": []
                    }
                },
                {
                    "name": "_Create Doctor by Admin_",
                    "request": {
                        "url": {
                            "protocol": "http",
                            "host": "localhost",
                            "path": "api\/doctors\/approve",
                            "query": []
                        },
                        "method": "POST",
                        "header": [
                            {
                                "key": "Content-Type",
                                "value": "application\/json"
                            },
                            {
                                "key": "Accept",
                                "value": "application\/json"
                            }
                        ],
                        "body": {
                            "mode": "raw",
                            "raw": "{\n    \"doctortype_id\": 16,\n    \"payment_style\": 6,\n    \"name\": \"et\",\n    \"bmdc_number\": \"ea\",\n    \"rate\": 20,\n    \"offer_rate\": 3,\n    \"first_appointment_rate\": 2,\n    \"gender\": 3,\n    \"mobile\": \"quaerat\",\n    \"email\": \"et\",\n    \"workplace\": \"cum\",\n    \"designation\": \"facilis\",\n    \"medical_college\": \"ut\",\n    \"post_grad\": \"ipsam\",\n    \"others_training\": \"ipsum\"\n}"
                        },
                        "description": "Doctor store endpoint used by admin, returns doctor instance. Doctor instance approved !! token required | super_admin, admin:doctor",
                        "response": []
                    }
                },
                {
                    "name": "_Create Doctor Active Status_",
                    "request": {
                        "url": {
                            "protocol": "http",
                            "host": "localhost",
                            "path": "api\/doctors\/status",
                            "query": []
                        },
                        "method": "PUT",
                        "header": [
                            {
                                "key": "Content-Type",
                                "value": "application\/json"
                            },
                            {
                                "key": "Accept",
                                "value": "application\/json"
                            }
                        ],
                        "body": {
                            "mode": "raw",
                            "raw": "{\n    \"status\": 6\n}"
                        },
                        "description": "Doctor update active status endpoint used by doctor.!! token required | doctor",
                        "response": []
                    }
                },
                {
                    "name": "_Update Doctor_",
                    "request": {
                        "url": {
                            "protocol": "http",
                            "host": "localhost",
                            "path": "api\/doctors\/:doctor",
                            "query": [],
                            "variable": [
                                {
                                    "id": "doctor",
                                    "key": "doctor",
                                    "value": "ut",
                                    "description": "The ID of the doctor."
                                }
                            ]
                        },
                        "method": "PUT",
                        "header": [
                            {
                                "key": "Content-Type",
                                "value": "application\/json"
                            },
                            {
                                "key": "Accept",
                                "value": "application\/json"
                            }
                        ],
                        "body": {
                            "mode": "raw",
                            "raw": "{\n    \"rate\": 14,\n    \"offer_rate\": 5,\n    \"first_appointment_rate\": 13,\n    \"workplace\": \"doloribus\",\n    \"designation\": \"sint\",\n    \"others_training\": \"laborum\"\n}"
                        },
                        "description": "Update doctor attributes !! token required | super_admin, admin:doctor, doctor",
                        "response": []
                    }
                },
                {
                    "name": "_Approve Doctor By Admin_",
                    "request": {
                        "url": {
                            "protocol": "http",
                            "host": "localhost",
                            "path": "api\/doctors\/:doctor\/approve",
                            "query": [],
                            "variable": [
                                {
                                    "id": "doctor",
                                    "key": "doctor",
                                    "value": "deserunt",
                                    "description": "The ID of doctor."
                                }
                            ]
                        },
                        "method": "PUT",
                        "header": [
                            {
                                "key": "Content-Type",
                                "value": "application\/json"
                            },
                            {
                                "key": "Accept",
                                "value": "application\/json"
                            }
                        ],
                        "body": {
                            "mode": "raw",
                            "raw": "{\n    \"activation_status\": 2\n}"
                        },
                        "description": "Update doctor activation_status. !! token required| super_admin, admin:doctor",
                        "response": []
                    }
                },
                {
                    "name": "_Change Doctor Booking Status_",
                    "request": {
                        "url": {
                            "protocol": "http",
                            "host": "localhost",
                            "path": "api\/doctors\/:doctor\/booking",
                            "query": [],
                            "variable": [
                                {
                                    "id": "doctor",
                                    "key": "doctor",
                                    "value": "qui",
                                    "description": "The ID of doctor."
                                }
                            ]
                        },
                        "method": "PUT",
                        "header": [
                            {
                                "key": "Content-Type",
                                "value": "application\/json"
                            },
                            {
                                "key": "Accept",
                                "value": "application\/json"
                            }
                        ],
                        "body": {
                            "mode": "raw",
                            "raw": "{\n    \"booking_start_time\": \"\\\"2020-07-10T14:19:24.000000Z\\\", ''\"\n}"
                        },
                        "description": "Update doctor activation_status. !! token required| super_admin, admin:doctor",
                        "response": []
                    }
                }
            ]
        },
        {
            "name": "Patientcheckup management",
            "description": "\nAPIs related to doctor calls for patient checkup",
            "item": [
                {
                    "name": "_Create Patientcheckup_",
                    "request": {
                        "url": {
                            "protocol": "http",
                            "host": "localhost",
                            "path": "api\/patientcheckups",
                            "query": []
                        },
                        "method": "POST",
                        "header": [
                            {
                                "key": "Content-Type",
                                "value": "application\/json"
                            },
                            {
                                "key": "Accept",
                                "value": "application\/json"
                            }
                        ],
                        "body": {
                            "mode": "raw",
                            "raw": "{\n    \"patient_id\": 3,\n    \"doctor_id\": \"corrupti\",\n    \"start_time\": \"\\\"\\\", \\\"2020-07-10T14:19:24.000000Z\\\"\",\n    \"end_time\": \"\\\"\\\", \\\"2020-07-10T14:40:30.000000Z\\\"\"\n}"
                        },
                        "description": "Patientcheckup store endpoint, User must have sufficient balance for doctor rate, returns patientcheckup instance. !! token required | patient",
                        "response": []
                    }
                },
                {
                    "name": "_Update Checkup_",
                    "request": {
                        "url": {
                            "protocol": "http",
                            "host": "localhost",
                            "path": "api\/patientcheckups\/:patientcheckup",
                            "query": [],
                            "variable": [
                                {
                                    "id": "patientcheckup",
                                    "key": "patientcheckup",
                                    "value": "quia",
                                    "description": "The patientcheckup id."
                                }
                            ]
                        },
                        "method": "PUT",
                        "header": [
                            {
                                "key": "Content-Type",
                                "value": "application\/json"
                            },
                            {
                                "key": "Accept",
                                "value": "application\/json"
                            }
                        ],
                        "body": {
                            "mode": "raw",
                            "raw": "{\n    \"end_time\": 0,\n    \"doctor_rating\": 13,\n    \"patient_rating\": 2\n}"
                        },
                        "description": "Patientcheckup update patient and doctor ratings and endtime. !! token required | patient, doctor",
                        "response": []
                    }
                }
            ]
        },
        {
            "name": "Patient management",
            "description": "\nAPIs related to patients",
            "item": [
                {
                    "name": "_Fetch Patients By User_",
                    "request": {
                        "url": {
                            "protocol": "http",
                            "host": "localhost",
                            "path": "api\/users\/:user\/patients",
                            "query": [],
                            "variable": [
                                {
                                    "id": "user",
                                    "key": "user",
                                    "value": "distinctio",
                                    "description": "The User ID of patients."
                                }
                            ]
                        },
                        "method": "GET",
                        "header": [
                            {
                                "key": "Content-Type",
                                "value": "application\/json"
                            },
                            {
                                "key": "Accept",
                                "value": "application\/json"
                            }
                        ],
                        "body": {
                            "mode": "raw",
                            "raw": "[]"
                        },
                        "description": "Fetch Patients By User. !! token required | admin:user, patient",
                        "response": []
                    }
                },
                {
                    "name": "_Create Patient_",
                    "request": {
                        "url": {
                            "protocol": "http",
                            "host": "localhost",
                            "path": "api\/patients",
                            "query": []
                        },
                        "method": "POST",
                        "header": [
                            {
                                "key": "Content-Type",
                                "value": "application\/json"
                            },
                            {
                                "key": "Accept",
                                "value": "application\/json"
                            }
                        ],
                        "body": {
                            "mode": "raw",
                            "raw": "{\n    \"name\": \"commodi\",\n    \"age\": 5,\n    \"gender\": 11,\n    \"blood_group\": \"\\\"B+ve\\\"\",\n    \"blood_pressure\": \"\\\"90-150\\\"\",\n    \"cholesterol_level\": \"\\\"dont know the readings :p\\\"\"\n}"
                        },
                        "description": "Patient store endpoint, returns patient instance with user_id set for User instance associated with token.  !! token required | patient",
                        "response": []
                    }
                },
                {
                    "name": "_Update Patient_",
                    "request": {
                        "url": {
                            "protocol": "http",
                            "host": "localhost",
                            "path": "api\/patients\/:patient",
                            "query": [],
                            "variable": [
                                {
                                    "id": "patient",
                                    "key": "patient",
                                    "value": "quia",
                                    "description": "The patient id."
                                }
                            ]
                        },
                        "method": "PUT",
                        "header": [
                            {
                                "key": "Content-Type",
                                "value": "application\/json"
                            },
                            {
                                "key": "Accept",
                                "value": "application\/json"
                            }
                        ],
                        "body": {
                            "mode": "raw",
                            "raw": "{\n    \"age\": 1,\n    \"blood_group\": \"\\\"B+ve\\\"\",\n    \"blood_pressure\": \"\\\"90-150\\\"\",\n    \"cholesterol_level\": \"\\\"dont know the readings :p\\\"\"\n}"
                        },
                        "description": "Patient update endpoint. User associated with token must match with patient user. !! token required | patient",
                        "response": []
                    }
                }
            ]
        },
        {
            "name": "Patientprescription management",
            "description": "\nAPIs related to patient prescriptions",
            "item": [
                {
                    "name": "_Get Patient Prescriptions_",
                    "request": {
                        "url": {
                            "protocol": "http",
                            "host": "localhost",
                            "path": "api\/patients\/:patient\/prescriptions",
                            "query": [],
                            "variable": [
                                {
                                    "id": "patient",
                                    "key": "patient",
                                    "value": "quidem",
                                    "description": "The Id of patient."
                                }
                            ]
                        },
                        "method": "GET",
                        "header": [
                            {
                                "key": "Content-Type",
                                "value": "application\/json"
                            },
                            {
                                "key": "Accept",
                                "value": "application\/json"
                            }
                        ],
                        "body": {
                            "mode": "raw",
                            "raw": "[]"
                        },
                        "description": "Fetch patient prescriptinos. !! token required | doctor, patient",
                        "response": []
                    }
                },
                {
                    "name": "_Serve Patient Prescription Image_",
                    "request": {
                        "url": {
                            "protocol": "http",
                            "host": "localhost",
                            "path": "api\/patientprescriptions\/:patientprescription\/image",
                            "query": [],
                            "variable": [
                                {
                                    "id": "patientprescription",
                                    "key": "patientprescription",
                                    "value": "14",
                                    "description": "The Id of patientprescription."
                                }
                            ]
                        },
                        "method": "GET",
                        "header": [
                            {
                                "key": "Content-Type",
                                "value": "application\/json"
                            },
                            {
                                "key": "Accept",
                                "value": "application\/json"
                            }
                        ],
                        "body": {
                            "mode": "raw",
                            "raw": "[]"
                        },
                        "description": "Fetch patient prescriptino image. !! token required | doctor, patient",
                        "response": []
                    }
                },
                {
                    "name": "_Store Patientprescription_",
                    "request": {
                        "url": {
                            "protocol": "http",
                            "host": "localhost",
                            "path": "api\/patientprescriptions",
                            "query": []
                        },
                        "method": "POST",
                        "header": [
                            {
                                "key": "Content-Type",
                                "value": "application\/json"
                            },
                            {
                                "key": "Accept",
                                "value": "application\/json"
                            }
                        ],
                        "body": {
                            "mode": "raw",
                            "raw": "{\n    \"patient_id\": 2,\n    \"prescription\": \"est\"\n}"
                        },
                        "description": "Patientprescription store endpoint [Must be multipart\/form-data request with image file], User must provide prescription for registered patients, returns patientprescription instance. !! token required | patient",
                        "response": []
                    }
                }
            ]
        },
        {
            "name": "Transaction management",
            "description": "\nAPIs related to Transactions resource",
            "item": [
                {
                    "name": "_Create transaction_",
                    "request": {
                        "url": {
                            "protocol": "http",
                            "host": "localhost",
                            "path": "api\/transactions",
                            "query": []
                        },
                        "method": "POST",
                        "header": [
                            {
                                "key": "Content-Type",
                                "value": "application\/json"
                            },
                            {
                                "key": "Accept",
                                "value": "application\/json"
                            }
                        ],
                        "body": {
                            "mode": "raw",
                            "raw": "{\n    \"type\": 2,\n    \"amount\": 1,\n    \"status\": 13\n}"
                        },
                        "description": "Get transaction object after create. user_id of transaction will be set to the user binded with token !! token required | patient",
                        "response": []
                    }
                },
                {
                    "name": "_Update transaction status_",
                    "request": {
                        "url": {
                            "protocol": "http",
                            "host": "localhost",
                            "path": "api\/transactions\/:transaction\/status",
                            "query": [],
                            "variable": [
                                {
                                    "id": "transaction",
                                    "key": "transaction",
                                    "value": "fugit",
                                    "description": "The ID of the transaction."
                                }
                            ]
                        },
                        "method": "PUT",
                        "header": [
                            {
                                "key": "Content-Type",
                                "value": "application\/json"
                            },
                            {
                                "key": "Accept",
                                "value": "application\/json"
                            }
                        ],
                        "body": {
                            "mode": "raw",
                            "raw": "{\n    \"status\": 4\n}"
                        },
                        "description": "Update transaction status to completed. user_id of transaction has to be same with the user binded with token !! token required | super_admin, admin:transaction, patient",
                        "response": []
                    }
                },
                {
                    "name": "_Fetch Paginated User Completed Transactions_",
                    "request": {
                        "url": {
                            "protocol": "http",
                            "host": "localhost",
                            "path": "api\/users\/:user\/transactions\/complete",
                            "query": [],
                            "variable": [
                                {
                                    "id": "user",
                                    "key": "user",
                                    "value": "et",
                                    "description": "The ID of the user."
                                }
                            ]
                        },
                        "method": "GET",
                        "header": [
                            {
                                "key": "Content-Type",
                                "value": "application\/json"
                            },
                            {
                                "key": "Accept",
                                "value": "application\/json"
                            }
                        ],
                        "body": {
                            "mode": "raw",
                            "raw": "[]"
                        },
                        "description": "Fetch completed transaction of user, paginated response. !! token required | super_admin, admin:transaction, patient",
                        "response": []
                    }
                }
            ]
        },
        {
            "name": "User management",
            "description": "\nAPIs related to User",
            "item": [
                {
                    "name": "Create\/Retrieve User",
                    "request": {
                        "url": {
                            "protocol": "http",
                            "host": "localhost",
                            "path": "api\/users",
                            "query": []
                        },
                        "method": "POST",
                        "header": [
                            {
                                "key": "Content-Type",
                                "value": "application\/json"
                            },
                            {
                                "key": "Accept",
                                "value": "application\/json"
                            }
                        ],
                        "body": {
                            "mode": "raw",
                            "raw": "{\n    \"mobile\": \"8801955555555\",\n    \"otp_code\": \"1234\"\n}"
                        },
                        "description": "Get User object using mobile| create new if not present",
                        "response": []
                    }
                },
                {
                    "name": "Send OTP to user mobile",
                    "request": {
                        "url": {
                            "protocol": "http",
                            "host": "localhost",
                            "path": "api\/users\/otp",
                            "query": []
                        },
                        "method": "POST",
                        "header": [
                            {
                                "key": "Content-Type",
                                "value": "application\/json"
                            },
                            {
                                "key": "Accept",
                                "value": "application\/json"
                            }
                        ],
                        "body": {
                            "mode": "raw",
                            "raw": "{\n    \"mobile\": \"8801955555555\"\n}"
                        },
                        "description": "Get User mobile and send otp.",
                        "response": []
                    }
                },
                {
                    "name": "_Alter User Agent permission_",
                    "request": {
                        "url": {
                            "protocol": "http",
                            "host": "localhost",
                            "path": "api\/users\/:user\/agent",
                            "query": [],
                            "variable": [
                                {
                                    "id": "user",
                                    "key": "user",
                                    "value": "nobis",
                                    "description": "The ID of the user."
                                }
                            ]
                        },
                        "method": "PUT",
                        "header": [
                            {
                                "key": "Content-Type",
                                "value": "application\/json"
                            },
                            {
                                "key": "Accept",
                                "value": "application\/json"
                            }
                        ],
                        "body": {
                            "mode": "raw",
                            "raw": "{\n    \"is_agent\": true,\n    \"agent_percentage\": 2.5\n}"
                        },
                        "description": "Change the user object to modify the is_agent & agent_percentage field. !! token required | super_admin, admin:user",
                        "response": []
                    }
                }
            ]
        },
        {
            "name": "general",
            "description": "",
            "item": [
                {
                    "name": "Return an empty response simply to trigger the storage of the CSRF cookie in the browser.",
                    "request": {
                        "url": {
                            "protocol": "http",
                            "host": "localhost",
                            "path": "sanctum\/csrf-cookie",
                            "query": []
                        },
                        "method": "GET",
                        "header": [
                            {
                                "key": "Content-Type",
                                "value": "application\/json"
                            },
                            {
                                "key": "Accept",
                                "value": "application\/json"
                            }
                        ],
                        "body": {
                            "mode": "raw",
                            "raw": "[]"
                        },
                        "description": "",
                        "response": []
                    }
                }
            ]
        }
    ]
}